Workbook

Sheet 표지
B3: 전국 공공체육시설 현황
A9: (2024년말 기준)
A17: 2025
A23: 문 화 체 육 관 광 부

Sheet 일반개요
A1: 1. 기 준
A3: ㅇ 본 통계는 "체육시설의 설치ㆍ이용에 관한 법률" 제36조(시책 수립에 필요한 사항 등의 보고) 및 동법 시행규칙 제 28조(보고사항)에 따라 지방자치단체 등이 제출한 자료를 종합 정리한 것으로서, 2023년 12월말 기준으로 작성된 현황임(단, 건립중인 시설, 학교 교육만을 목적으로 하는 학교체육시설 등은 제외)
A5: 2. 체육시설의 정의
A7: 가. 학문적 정의
A8: ㅇ 효과적이며 보다 쾌적하고 안전한 운동활동을 전제로 설치 관리되는 일정한 공간적 범위를 가지는 물적 환경
A9: - 광의적 개념 : 운동에 필요한 물적인 여러가지 조건을 인공적으로 정비한 시설과 용기구 및 용품을 포함한 조형물
A10: - 협의적 개념 : 운동학습을 위한 각종의 장소
A12: 나. 법적 정의
A13: ㅇ 체육활동에 지속적으로 이용되는 시설과 그 부대시설(체육시설의 설치ㆍ이용에 관한 법률 제2조 제1호)
A14: ㅇ 건전한 신체ㆍ정신 함양과 여가 선용을 목적으로 운동경기ㆍ야외운동 등의 신체활동에 지속적으로 이용되는 시설과 그 부대시설(국민체육진흥법)
A15: * 체육 : 운동경기ㆍ야외운동 등 신체활동을 통하여 건전한 신체와 정신을 기르고 여가를 선용하는 것(국민체육진흥법 제2조)
A17: 3. 체육시설의 구분
... A35: ㅇ 직장체육시설 : 직장인의 체육활동에 필요한 체육시설(상시 근무 직장인이 500명 이상인 직장을 대상으로 함 : "체육시설의 설치ㆍ이용에 관한 법률" 제7조의 규정에 의함)

Sheet 공공체육시설의분류기준
A1: 5. 공공체육시설의 분류기준
A3: 시설항목 | B3: 시 설 분 류 기 준 | C3: 시설항목 | D3: 시 설 분 류 기 준
A4: 1. 육상경기장 | B4: 일주거리 400m 또는 300m, 200m의 육상트랙, 필드(축구경기장) 및 보조경기장 등을 갖춘 경기시설로서 종합운동장, 종합운동장 주경기장, 종합경기장 주경기장, 공설운동장, 시민운동장, ㅇㅇ경기장 등으로 일컬어짐 | C4: 12. 롤러스케이트장 - 정 규(트랙) - 정 규(로드) - 간 이 | D4: ㆍ트랙경기장 : 일주거리 200m의 트랙, 주폭 6m 이상 ㆍ로드경기장 : 250m~1,000m, 주폭 8m 이상 ㆍ경기장 규격이 정규수준에 미달되는 시설
A5: 2. 축구장 | B5: 길이 100~110m, 폭 64~75m(국제경기 규격) 또는 이와 유사한 규격 (축구 경기 가능시설로서, 육상경기장내의 축구경기장은 제외) | C5: 13. 사격장 | D5: 공기총사격(10m), 화약총사격(10m,25m,50m,300m), 클레이사격 (트랩,스키트)시설, 러닝 타겟 시설 중 전부 또는 일부를 보유한 사격장
A6: 3. 하키장 | B6: 길이 91.4m, 폭 55m 또는 이와 유사한 규격(하키 전용 경기장에 한함) | C6: 14. 국궁장 | D6: 사정거리는 관저 중심에서 사대 중심까지 145m, 과녁 사이 5m 이상 또는 이와 유사한 규격
A7: 4. 야구장 | B7: 본루로 부터 1,3루 측 야외거리가 98m 이상, 백스크린까지 110m이상 또는 이와 유사한 규격 | C7: 15. 양궁장 | D7: 30m, 50m, 60m, 70m, 90m 거리의 경기 가능
A8: 5. 싸이클경기장 | B8: 일주거리 실내 250~400m(통상 333.33m가 주종), 실외 250~500m , 주로 폭 7m 이상, 경사도 직선주로 8°~10°, 곡선주로 38°~45° | C8: 16. 승마장 | D8: 마장마술(길이 60m, 폭 20m), 장애물 비월(폭의 길이 최소한 60m 총 넓이 4,800㎡ 이상) 시설의 전부 또는 일부를 보유한 승마장
A9: 6. 테니스장 | B9: 가로 10.97m, 세로 23.77m (마을체육시설 수준의 테니스장은 간이 운동장으로 분류) | C9: 17. 골프연습장 | D9: 골프 연습 타석을 갖춘 시설
A10: 7. 씨름장 | B10: 경기장 높이 30㎝ 이상 70㎝ 이하, 경기장 직경 8m 이상인 원형의 모래시설과 경기장 밖 1.5m 이상의 보조경기장 또는 이와 유사한 규격 | C10: 18. 조정카누장 - 조 정 - 카 누 | D10: 조정 경기 가능 시설 카누 경기 가능 시설
A11: 8. 간이운동장 | B11: 축구, 배구, 농구, 테니스, 배드민턴, 게이트볼, 체력단련기구 등 간이운동시설이 설치된 거주지 인근의 마을체육시설 | C11: 19. 요트장 | D11: 요트 경기에 필요한 시설과 요트의 수납과 정비용 부대시설을 갖춘 경기장 또는 이와 유사한 경기장
A12: 9. 체육관 - 구기체육관 - 투기체육관 - 생활체육관 | B12: ㆍ 핸드볼, 농구, 배구, 배드민턴 등 구기 종목의 경기 개최가 가능한 체육관 ㆍ 유도, 레슬링, 복싱, 태권도, 펜싱, 검도, 씨름, 체조, 역도 등 투기종목의 경기 개최가 가능한 체육관 ㆍ 농구, 배구 등 구기 종목과 수영, 볼링, 에어로빅, 헬스 등 생활체육 종목의 각종 체육시설이 복합 설치된 체육관(올림픽 기념국민생활관, 국민체육센터, 시민체육관, 구민체육센터, 농어민 문화ㆍ체육센터, 농어촌 복합체육시설 등) | C12: 20. 빙상장 - 쇼트트랙 - 400M트랙 | D12: ㆍ 길이 60m, 폭 30m(일주거리 111.12m의 트랙)또는 이와 유사한 규격 (아이스하키 경기 가능) ㆍ 일주거리 400m이상 333.3m미만의 길이의 두개의 주로
A13: 10. 전천후 게이트볼장 | B13: 정식 규격의 게이트볼장으로 지붕, 기둥 또는 벽면으로 구성된 경기장(단, 지붕 구조가 막구조로 된 게이트볼장도 포함) | C13: 21. 설상경기장 - 스키점프장 - 바이애슬론경기장 - 크로스컨트리경기장 - 봅슬레이, 루지, 스켈레톤경기장 | D13: ㆍ 길이 90m, 120m 또는 이와 유사한 규격(스키점프 경기 가능) ㆍ 3.25km와 2km지점에 컷오프를 갖춘 하나의 4km 주로로 구성 ㆍ 5km×3코스=15km 또는 이와 유사한 규격(크로스컨트리 경기 가능) ㆍ 길이 1,200~1,650m 트랙을 갖춘 규격(1,200m 경사로)
A14: 11. 수 영 장 - 경영풀 - 다이빙풀 - 비정규 | B14: ㆍ폭 25m, 길이 50m 8레인으로 레인폭은 2.5m이상(1레인과 8레인 수영조 벽과 폭 0.5m 이상) 또는 이와 유사한 규격 ㆍ폭과 길이가 25m×33m, 수심 5m ㆍ경기장 규격이 정규수준에 미달되는 시설 | C14: 22. 기타 체육시설 | D14: ㆍ 상기 분류기준에 포함되지 않은 공공체육시설 - 파크골프장 - 풋살장 - 그외 시설

Sheet 연도별현황
A2: 시설항목 | B2: 2013년말 기준 | D2: 2014년말 기준 | F2: 2015년말 기준 | H2: 2017년말 기준 | J2: 2018년말 기준 | L2: 2019년말 기준 | N2: 2020년말 기준 | P2: 2021년말 기준 | R2: 2022년말 기준 | T2: 2023년말 기준 | V2: 2024년말 기준
B3: 개소 | C3: 면적 | D3: 개소 | E3: 면적 | F3: 개소 | G3: 면적 | H3: 개소 | I3: 면적 | J3: 개소 | K3: 면적 | L3: 개소 | M3: 면적 | N3: 개소 | O3: 면적 | P3: 개소 | Q3: 면적 | R3: 개소 | S3: 면적 | T3: 개소 | U3: 면적 | V3: 개소 | W3: 면적
A4: 합계 | B4: 19398 | C4: 1.38294e+08 | D4: 21317 | E4: 1.5111776e+08 | F4: 22662 | G4: 1.5608376e+08 | H4: 26927 | I4: 1.7761431e+08 | J4: 28578 | K4: 1.8875698e+08 | L4: 30185 | M4: 1.9805157e+08 | N4: 31554 | O4: 200616367 | P4: 33729 | Q4: 2.0450315e+08 | R4: 35941 | S4: 2.1972693e+08 | T4: 37176 | U4: 218321405 | V4: =설치주체별현황!B5 -> 38602 | W4: =설치주체별현황!C5 -> 2.3406574e+08 | X4: =V4-T4 -> 1426 | Y4: =W4-U4 -> 15744335
A5: 1. 육상경기장 | B5: 236 | C5: 18438579 | D5: 242 | E5: 19282025 | F5: 254 | G5: 19670038 | H5: 256 | I5: 20455381 | J5: 255 | K5: 20537112 | L5: 252 | M5: 20447703 | N5: 252 | O5: 20554056 | P5: 253 | Q5: 20688091 | R5: 247 | S5: 20548486 | T5: 246 | U5: 20717348 | V5: =[1]설치주체별현황!B6 -> 249 | W5: =[1]설치주체별현황!C6 -> 20596790 | X5: =V5-T5 -> 3
A6: 2. 축구장 | B6: 801 | C6: 22622357 | D6: 852 | E6: 24438600 | F6: 886 | G6: 25553891 | H6: 984 | I6: 30013006 | J6: 1019 | K6: 31111769 | L6: 1040 | M6: 31135673 | N6: 1064 | O6: 30711292 | P6: 1095 | Q6: 31712015 | R6: 1109 | S6: 32344365 | T6: 1146 | U6: 33051700 | V6: =[1]설치주체별현황!B7 -> 1163 | W6: =[1]설치주체별현황!C7 -> 33897030 | X6: =V6-T6 -> 17
A7: 3. 하키장 | B7: 15 | C7: 776717 | D7: 16 | E7: 1019201 | F7: 16 | G7: 1018172 | H7: 16 | I7: 1014641 | J7: 16 | K7: 1014414 | L7: 16 | M7: 1014414 | N7: 16 | O7: 888916 | P7: 17 | Q7: 888916 | R7: 19 | S7: 1167527 | T7: 18 | U7: 11696357 | V7: =[1]설치주체별현황!B8 -> 18 | W7: =[1]설치주체별현황!C8 -> 1169357 | X7: =V7-T7 -> 0
A8: 4. 야구장 | B8: 169 | C8: 5682942 | D8: 202 | E8: 6713426.1 | F8: 222 | G8: 7345269.1 | H8: 264 | I8: 7915878.2 | J8: 293 | K8: 9389310.1 | L8: 309 | M8: 9610609.1 | N8: 332 | O8: 10305677 | P8: 349 | Q8: 10659602 | R8: 352 | S8: 10719747 | T8: 359 | U8: 10560570 | V8: =[1]설치주체별현황!B9 -> 373 | W8: =[1]설치주체별현황!C9 -> 11201981 | X8: =V8-T8 -> 14
A9: 5. 싸이클경기장 | B9: 12 | C9: 460605 | D9: 12 | E9: 460605 | F9: 12 | G9: 460605 | H9: 11 | I9: 492640 | J9: 11 | K9: 492640 | L9: 11 | M9: 492640 | N9: 11 | O9: 492640 | P9: 11 | Q9: 492640 | R9: 11 | S9: 492640 | T9: 11 | U9: 496536 | V9: =[1]설치주체별현황!B10 -> 11 | W9: =[1]설치주체별현황!C10 -> 496536 | X9: =V9-T9 -> 0
A10: 6. 테니스장 | B10: 660 | C10: 6381572 | D10: 696 | E10: 7094796.6 | F10: 718 | G10: 7310504.6 | H10: 772 | I10: 7542350.1 | J10: 797 | K10: 7885330.9 | L10: 818 | M10: 8274015.9 | N10: 832 | O10: 9048946.8 | P10: 856 | Q10: 9818866 | R10: 873 | S10: 10008500 | T10: 898 | U10: 10294132 | V10: =[1]설치주체별현황!B11 -> 915 | W10: =[1]설치주체별현황!C11 -> 11419958 | X10: =V10-T10 -> 17
A11: 7. 씨름장 | B11: 45 | C11: 119747 | D11: 52 | E11: 134734.92 | F11: 54 | G11: 85823.92 | H11: 66 | I11: 221751.82 | J11: 66 | K11: 220349.82 | L11: 71 | M11: 224674.3 | N11: 73 | O11: 473792.7 | P11: 73 | Q11: 624901.7 | R11: 70 | S11: 624026.8 | T11: 72 | U11: 769021 | V11: =[1]설치주체별현황!B12 -> 73 | W11: =[1]설치주체별현황!C12 -> 1134433.8 | X11: =V11-T11 -> 1
A12: 8. 간이운동장 (마을체육시설) | B12: 14536 | C12: 45455263 | D12: 16046 | E12: 47586089 | F12: 17111 | G12: 48710747 | H12: 20602 | I12: 54703992 | J12: 21847 | K12: 59268363 | L12: 22866 | M12: 60015081 | N12: 23834 | O12: 57942133 | P12: 25455 | Q12: 54041409 | R12: 25983 | S12: 53585239 | T12: 26838 | U12: 48558250 | V12: =[1]설치주체별현황!B13 -> 27850 | W12: =[1]설치주체별현황!C13 -> 48877134 | X12: =V12-T12 -> 1012
A13: 9. 체육관 | B13: 819 | C13: 17305295 | D13: 875 | E13: 19172305 | F13: 905 | G13: 19914390 | H13: 1010 | I13: 22650854 | J13: 1066 | K13: 23361098 | L13: 1139 | M13: 25368827 | N13: 1194 | O13: 26680519 | P13: 1275 | Q13: 29053094 | R13: 1337 | S13: 31251139 | T13: 1439 | U13: 33342939 | V13: =[1]설치주체별현황!B14 -> 1530 | W13: =[1]설치주체별현황!C14 -> 36302920 | X13: =V13-T13 -> 91
A14: - 구기체육관 | B14: 355 | C14: 7265923 | D14: 379 | E14: 7976599.4 | F14: 390 | G14: 8138934.7 | H14: 427 | I14: 9096302.2 | J14: 444 | K14: 9298951.6 | L14: 471 | M14: 10432582 | N14: 487 | O14: 10620191 | P14: 516 | Q14: 11357044 | R14: 524 | S14: 12046222 | T14: 547 | U14: 12574684 | V14: =[1]설치주체별현황!B15 -> 559 | W14: =[1]설치주체별현황!C15 -> 12917875 | X14: =V14-T14 -> 12
A15: - 투기체육관 | B15: 46 | C15: 346069 | D15: 47 | E15: 669636.2 | F15: 48 | G15: 682063.2 | H15: 47 | I15: 687023.2 | J15: 46 | K15: 684417.2 | L15: 46 | M15: 748684.75 | N15: 46 | O15: 777593.75 | P15: 47 | Q15: 878475.65 | R15: 48 | S15: 1135475.6 | T15: 48 | U15: 1142797 | V15: =[1]설치주체별현황!B16 -> 48 | W15: =[1]설치주체별현황!C16 -> 1493303.4 | X15: =V15-T15 -> 0
A16: - 생활체육관 | B16: 418 | C16: 9693302 | D16: 449 | E16: 10526069 | F16: 467 | G16: 11093392 | H16: 536 | I16: 12867528 | J16: 576 | K16: 13377729 | L16: 622 | M16: 14187560 | N16: 661 | O16: 15282735 | P16: 712 | Q16: 16817574 | R16: 765 | S16: 18069441 | T16: 844 | U16: 19625457 | V16: =[1]설치주체별현황!B17 -> 923 | W16: =[1]설치주체별현황!C17 -> 21891742 | X16: =V16-T16 -> 79
... A21: 14. 국궁장 | B21: 249 | C21: 2119137 | D21: 251 | E21: 2166602.5 | F21: 252 | G21: 2246215.5 | H21: 264 | I21: 2575790.5 | J21: 273 | K21: 2643627.5 | L21: 280 | M21: 2865230.5 | N21: 281 | O21: 2909238.5 | P21: 282 | Q21: 2845512.5 | R21: 284 | S21: 2878812.5 | T21: 284 | U21: 2993779 | V21: =[1]설치주체별현황!B22 -> 285 | W21: =[1]설치주체별현황!C22 -> 2942923.5 | X21: =V21-T21 -> 1
A22: 15. 양궁장 | B22: 21 | C22: 506909 | D22: 22 | E22: 529349 | F22: 23 | G22: 574458 | H22: 24 | I22: 582522 | J22: 25 | K22: 656205 | L22: 24 | M22: 653685 | N22: 25 | O22: 656532 | P22: 26 | Q22: 666569 | R22: 26 | S22: 666569 | T22: 28 | U22: 672869 | V22: =시도별현황!B21 -> 28 | W22: =[1]설치주체별현황!C23 -> 678141 | X22: =V22-T22 -> 0
A23: 16. 승마장 | B23: 17 | C23: 818024 | D23: 18 | E23: 839836.12 | F23: 19 | G23: 839836.12 | H23: 20 | I23: 842543.92 | J23: 20 | K23: 842543.92 | L23: 19 | M23: 829851.92 | N23: 20 | O23: 1002627.9 | P23: 22 | Q23: 1018336.9 | R23: 23 | S23: 1057398 | T23: 24 | U23: 1089062 | V23: =[1]설치주체별현황!B24 -> 24 | W23: =[1]설치주체별현황!C24 -> 1065286 | X23: =V23-T23 -> 0
A24: 17. 골프연습장 | B24: 73 | C24: 338802 | D24: 74 | E24: 474659.7 | F24: 74 | G24: 474659.7 | H24: 83 | I24: 798856.9 | J24: 84 | K24: 810200.9 | L24: 89 | M24: 916913.9 | N24: 89 | O24: 961562.9 | P24: 94 | Q24: 1035121.9 | R24: 91 | S24: 1070727.9 | T24: 92 | U24: 1260755 | V24: =[1]설치주체별현황!B25 -> 92 | W24: =[1]설치주체별현황!C25 -> 1340909.4 | X24: =V24-T24 -> 0
A25: 18. 조정카누장 | B25: 11 | C25: 1307255 | D25: 11 | E25: 1307989 | F25: 11 | G25: 1203094 | H25: 11 | I25: 1203094 | J25: 11 | K25: 1203094 | L25: 11 | M25: 1203094 | N25: 10 | O25: 1197279 | P25: 10 | Q25: 1197279 | R25: 10 | S25: 1197279 | T25: 10 | U25: 1197279 | V25: =[1]설치주체별현황!B26 -> 10 | W25: =[1]설치주체별현황!C26 -> 1197279 | X25: =V25-T25 -> 0
A26: 19. 요트장 | B26: 17 | C26: 322289 | D26: 17 | E26: 322289 | F26: 17 | G26: 322839 | H26: 17 | I26: 322319 | J26: 17 | K26: 322319 | L26: 17 | M26: 322319 | N26: 17 | O26: 322319 | P26: 16 | Q26: 316758 | R26: 16 | S26: 316758 | T26: 16 | U26: 316758 | V26: =[1]설치주체별현황!B27 -> 15 | W26: =[1]설치주체별현황!C27 -> 315018 | X26: =V26-T26 -> -1
A27: 20. 빙상장 | B27: 21 | C27: 239817 | D27: 21 | E27: 260535 | F27: 22 | G27: 272494 | H27: 29 | I27: 1186940 | J27: 30 | K27: 1270062 | L27: 31 | M27: 1309119 | N27: 32 | O27: 1304969 | P27: 33 | Q27: 1552045 | R27: 34 | S27: 1446116 | T27: 34 | U27: 1446116 | V27: =[1]설치주체별현황!B28 -> 36 | W27: =[1]설치주체별현황!C28 -> 3745426.6 | X27: =V27-T27 -> 2
A28: 21. 설상경기장 | B28: 3 | C28: 315669 | D28: 3 | E28: 313173 | F28: 3 | G28: 313173 | H28: 4 | I28: 462499.9 | J28: 4 | K28: 462499.9 | L28: 4 | M28: 462499.9 | N28: 4 | O28: 462499.9 | P28: 4 | Q28: 462499.9 | R28: 4 | S28: 462499.9 | T28: 4 | U28: 462500 | V28: =[1]설치주체별현황!B29 -> 4 | W28: =[1]설치주체별현황!C29 -> 462499.9 | X28: =V28-T28 -> 0
A29: 22. 파크골프장 | T29: 346 | U29: 6728131 | V29: =시도별현황!B28 -> 461 | W29: =[1]설치주체별현황!C30 -> 8596930.3 | X29: =V29-T29 -> 115
A30: 23. 기타 시설 | B30: 107 | C30: 3489869 | D30: 157 | E30: 5412665.1 | F30: 226 | G30: 5083612.1 | H30: 426 | I30: 7721386.4 | J30: 531 | K30: 9523053.7 | L30: 792 | M30: 13044079 | N30: 961 | O30: 14189081 | P30: 1267 | Q30: 16070778 | R30: 2766 | S30: 26646124 | T30: 2586 | U30: 25464041 | V30: =[1]설치주체별현황!B31 -> 2677 | W30: =[1]설치주체별현황!C31 -> 19598994 | X30: =V30-T30 -> 91
A31: -풋살장 | T31: 557 | U31: 4458764 | V31: =시도별현황!B30 -> 630 | W31: =[1]설치주체별현황!C32 -> 5384145.7 | X31: =V31-T31 -> 73
A32: -그외 기타 | T32: 2022 | U32: 14277146 | V32: =[1]설치주체별현황!B33 -> 2046 | W32: =[1]설치주체별현황!C33 -> 14214848 | X32: =V32-T32 -> 24
A33: * 연도별 현황은 전년도 12월31일 기준 작성, 당해연도 1월1일 기준으로 공포

Sheet 설치주체별현황
A1: 1. 설치 주체별 시설 현황
A3: 시설항목 | B3: 전국 | D3: 지방자치단체 | F3: 대한체육회 | H3: 대한장애인체육회 | J3: 국민체육진흥공단 | L3: 비 고
B4: 개소 | C4: 면적 | D4: 개소 | E4: 면적 | F4: 개소 | G4: 면적 | H4: 개소 | I4: 면적 | J4: 개소 | K4: 면적
A5: 합계 | B5: =시도별현황!B3 -> 38602 | C5: =시도별현황!C3 -> 2.3406574e+08 | D5: =SUM(D6:D14,D18:D31) -> 38561 | E5: =SUM(E6:E14,E18:E31) -> 2.3135836e+08 | F5: =SUM(F6:F14,F18:F31) -> 16 | G5: =SUM(G6:G14,G18:G31) -> 1386280 | H5: =SUM(H6:H14,H18:H31) -> 10 | I5: =SUM(I6:I14,I18:I31) -> 209043 | J5: =SUM(J6:J14,J18:J31) -> 16 | K5: =SUM(K6:K14,K18:K31) -> 1113277
A6: 1. 육상경기장 | B6: =[1]시도별현황!B4 -> 249 | C6: =[1]시도별현황!C4 -> 20596790 | D6: =B6-F6-H6 -> 246 | E6: =C6-G6-I6 -> 20502947 | F6: 2 | G6: 80843 | H6: 1 | I6: 13000
A7: 2. 축구장 | B7: =[1]시도별현황!B5 -> 1163 | C7: =[1]시도별현황!C5 -> 33897030 | D7: =B7-F7-H7-J7 -> 1161 | E7: =C7-G7-I7-K7 -> 33804703 | F7: 1 | G7: 7140 | H7: 1 | I7: 85187
A8: 3. 하키장 | B8: =[1]시도별현황!B6 -> 18 | C8: =[1]시도별현황!C6 -> 1169357 | D8: =B8-F8 -> 16 | E8: =C8-G8 -> 973156 | F8: 2 | G8: 196201
A9: 4. 야구장 | B9: =[1]시도별현황!B7 -> 373 | C9: =[1]시도별현황!C7 -> 11201981 | D9: =B9-F9 -> 372 | E9: =C9-G9 -> 10160801 | F9: 1 | G9: 1041180
A10: 5. 싸이클경기장 | B10: =[1]시도별현황!B8 -> 11 | C10: =[1]시도별현황!C8 -> 496536 | D10: =B10-J10 -> 10 | E10: =C10-K10 -> 485864 | J10: 1 | K10: 10672
A11: 6. 테니스장 | B11: =[1]시도별현황!B9 -> 915 | C11: =[1]시도별현황!C9 -> 11419958 | D11: =B11-F11-H11-J11 -> 909 | E11: =C11-G11-I11-K11 -> 11382305 | F11: 3 | G11: 18595 | H11: 1 | I11: 5000 | J11: 2 | K11: 14058
A12: 7. 씨름장 | B12: =[1]시도별현황!B10 -> 73 | C12: =[1]시도별현황!C10 -> 1134433.8 | D12: =B12 -> 73 | E12: =C12 -> 1134433.8
A13: 8. 간이운동장 (마을체육시설) | B13: =[1]시도별현황!B11 -> 27850 | C13: =[1]시도별현황!C11 -> 48877134 | D13: =B13 -> 27850 | E13: =C13 -> 48877134
A14: 9. 체육관 | B14: =SUM(B15:B17) -> 1530 | C14: =SUM(C15:C17) -> 36302920 | D14: =B14-F14-H14-J14 -> 1517 | E14: =C14-G14-I14-K14 -> 36119946 | F14: =SUM(F15:F17) -> 3 | G14: =SUM(G15:G17) -> 10229 | H14: =SUM(H15:H17) -> 5 | I14: =SUM(I15:I17) -> 101856 | J14: 5 | K14: 70889
A15: 구기체육관 | B15: =[1]시도별현황!B13 -> 559 | C15: =[1]시도별현황!C13 -> 12917875 | D15: =B15-F15-H15-J15 -> 552 | E15: =C15-G15-I15-K15 -> 12762159 | F15: 2 | G15: 6606 | H15: 3 | I15: 99290 | J15: 2 | K15: 49820
A16: 투기체육관 | B16: =[1]시도별현황!B14 -> 48 | C16: =[1]시도별현황!C14 -> 1493303.4 | D16: =B16-F16-J16 -> 46 | E16: =C16-G16-I16-K16 -> 1474297.4 | F16: 1 | G16: 3623 | H16: 1 | I16: 2566 | J16: 1 | K16: 12817
A17: 생활체육관 | B17: =[1]시도별현황!B15 -> 923 | C17: =[1]시도별현황!C15 -> 21891742 | D17: =B17-H17-J17 -> 920 | E17: =C17-K17 -> 21883490 | H17: 1 | J17: 2 | K17: 8252 | L17: 장애인체육회: 구기 체육관 포함
A18: 10. 전천후게이트볼장 | B18: =[1]시도별현황!B16 -> 2000 | C18: =[1]시도별현황!C16 -> 11977087 | D18: =B18 -> 2000 | E18: =C18 -> 11977087
A19: 11. 수영장 | B19: =[1]시도별현황!B17 -> 579 | C19: =[1]시도별현황!C17 -> 13272657 | D19: =B19-F19-H19-J19 -> 574 | E19: =C19-G19-K19-I19 -> 13232834 | F19: 1 | G19: 8794 | H19: 1 | I19: 3000 | J19: 3 | K19: 28029 | L19: 장애인체육회: 구기 체육관 포함
A20: 12. 롤러스케이트장 | B20: =[1]시도별현황!B18 -> 184 | C20: =[1]시도별현황!C18 -> 2637650.6 | D20: =B20 -> 184 | E20: =C20 -> 2637650.6
A21: 13. 사격장 | B21: =[1]시도별현황!B19 -> 26 | C21: =[1]시도별현황!C19 -> 1083972 | D21: =B21-F21 -> 26 | E21: =C21-G21 -> 1083972
A22: 14. 국궁장 | B22: =[1]시도별현황!B20 -> 285 | C22: =[1]시도별현황!C20 -> 2942923.5 | D22: =B22 -> 285 | E22: =C22 -> 2942923.5
A23: 15. 양궁장 | B23: =시도별현황!B21 -> 28 | C23: =시도별현황!C21 -> 743211 | D23: =B23-H23 -> 27 | E23: =C23-I23 -> 742211 | H23: 1 | I23: 1000 | L23: 장애인체육회: 구기 체육관 포함
A24: 16. 승마장 | B24: =[1]시도별현황!B22 -> 24 | C24: =[1]시도별현황!C22 -> 1065286 | D24: =B24 -> 24 | E24: =C24 -> 1065286
A25: 17. 골프연습장 | B25: =[1]시도별현황!B23 -> 92 | C25: =[1]시도별현황!C23 -> 1340909.4 | D25: =B25-J25 -> 90 | E25: =C25-K25 -> 1339907.4 | J25: 2 | K25: 1002
A26: 18. 조정카누장 | B26: =[1]시도별현황!B24 -> 10 | C26: =[1]시도별현황!C24 -> 1197279 | D26: =B26-F26-J26 -> 8 | E26: =C26-G26-K26 -> 211635 | F26: 1 | G26: 734 | J26: 1 | K26: 984910
A27: 19. 요트장 | B27: =[1]시도별현황!B25 -> 15 | C27: =[1]시도별현황!C25 -> 315018 | D27: =B27 -> 15 | E27: =C27 -> 315018
A28: 20. 빙상장 | B28: =[1]시도별현황!B26 -> 36 | C28: =[1]시도별현황!C26 -> 3745426.6 | D28: =B28-F28-J28 -> 33 | E28: =C28-G28 -> 3722862.6 | F28: 2 | G28: 22564 | J28: 1 | K28: - | L28: 공단: 분당스포츠센터 포함
A29: 21. 설상경기장 | B29: =[1]시도별현황!B27 -> 4 | C29: =[1]시도별현황!$C$27 -> 462499.9 | D29: =B29 -> 4 | E29: =C29 -> 462499.9
A30: 22. 파크골프장 | B30: =시도별현황!B28 -> 461 | C30: =시도별현황!C28 -> 8587905.3 | D30: =B30-J30 -> 461 | E30: =C30-K30 -> 8587905.3
A31: 23. 기타 시설 | B31: =[1]시도별현황!B29 -> 2677 | C31: =[1]시도별현황!C29 -> 19598994 | D31: =B31-J31 -> 2676 | E31: =C31-K31 -> 19595277 | J31: 1 | K31: 3717 | L31: 공단: 일산올림픽스포츠센터 인공암벽장
A32: - 풋살장 | B32: =시도별현황!B30 -> 630 | C32: =시도별현황!C30 -> 5382925.7 | D32: =B32-J32 -> 630 | E32: =C32-K32 -> 5382925.7
A33: - 그외 | B33: =[1]시도별현황!B31 -> 2046 | C33: =[1]시도별현황!C31 -> 14214848 | D33: =B33-J33 -> 2045 | E33: =C33-K33 -> 14211131 | J33: 1 | K33: 3717

Sheet 시도별현황
A1: 시 설 항 목 | B1: 전국 | D1: 서울 | F1: 부산 | H1: 대구 | J1: 인천 | L1: 광주 | N1: 대전 | P1: 울산 | R1: 세종
B2: 개소 | C2: 면적 | D2: 개소 | E2: 면적 | F2: 개소 | G2: 면적 | H2: 개소 | I2: 면적 | J2: 개소 | K2: 면적 | L2: 개소 | M2: 면적 | N2: 개소 | O2: 면적 | P2: 개소 | Q2: 면적 | R2: 개소 | S2: 면적
A3: 합 계 | B3: =SUM(B4:B12,B16:B29) -> 38602 | C3: =SUM(C4:C12,C16:C29) -> 2.3406574e+08 | D3: =SUM(D4:D12,D16:D29) -> 3254 | E3: =SUM(E4:E12,E16:E29) -> 15580376 | F3: =SUM(F4:F12,F16:F29) -> 1908 | G3: =SUM(G4:G12,G16:G29) -> 5697504.9 | H3: =SUM(H4:H12,H16:H29) -> 1011 | I3: =SUM(I4:I12,I16:I29) -> 5271497.8 | ... S3: =SUM(S4:S12,S16:S29) -> 1560973
A4: 1. 육상경기장 | B4: =SUM(D4,F4,H4,J4,L4,N4,P4,R4,B35,D35,F35,H35,J35,L35,N35,P35,R35) -> 249 | C4: =SUM(E4,G4,I4,K4,M4,O4,Q4,S4,C35,E35,G35,I35,K35,M35,O35,Q35,S35) -> 20596790 | D4: =[1]육상경기장!E6 -> 3 | E4: =[1]육상경기장!L6 -> 249613 | F4: =[1]육상경기장!E10 -> 3 | G4: =[1]육상경기장!L10 -> 144597 | H4: =[1]육상경기장!E14 -> 5 | I4: =[1]육상경기장!L14 -> 708147 | J4: =[1]육상경기장!E20 -> 10 | K4: =[1]육상경기장!L20 -> 1305232 | L4: =[1]육상경기장!E31 -> 2 | M4: =[1]육상경기장!L31 -> 470278 | P4: =[1]육상경기장!E34 -> 6 | Q4: =[1]육상경기장!L34 -> 319484 | R4: =[1]육상경기장!E41 -> 1 | S4: =[1]육상경기장!N41 -> 400
A5: 2. 축구장 | B5: =SUM(D5,F5,H5,J5,L5,N5,P5,R5,B36,D36,F36,H36,J36,L36,N36,P36,R36) -> 1163 | C5: =SUM(E5,G5,I5,K5,M5,O5,Q5,S5,C36,E36,G36,I36,K36,M36,O36,Q36,S36) -> 33897030 | D5: =[1]축구장!E6 -> 74 | E5: =[1]축구장!I6 -> 926990 | F5: =[1]축구장!E81 -> 33 | G5: =[1]축구장!I81 -> 513731 | H5: =[1]축구장!E115 -> 39 | I5: =[1]축구장!I115 -> 702769 | J5: =[1]축구장!E155 -> 34 | K5: =[1]축구장!I155 -> 1068675.3 | L5: =[1]축구장!E190 -> 25 | M5: =[1]축구장!I190 -> 317524 | N5: =[1]축구장!E216 -> 14 | O5: =[1]축구장!I216 -> 536398.2 | P5: =[1]축구장!E231 -> 28 | Q5: =[1]축구장!I231 -> 1775842.3 | R5: =[1]축구장!E260 -> 13 | S5: =[1]축구장!I260 -> 241232
A6: 3. 하키장 | B6: =SUM(D6,F6,H6,J6,L6,N6,P6,R6,B37,D37,F37,H37,J37,L37,N37,P37,R37) -> 18 | C6: =SUM(E6,G6,I6,K6,M6,O6,Q6,S6,C37,E37,G37,I37,K37,M37,O37,Q37,S37) -> 1169357 | D6: =[1]하키장!E6 -> 1 | E6: =[1]하키장!J6 -> 183879 | F6: =[1]하키장!E8 -> 1 | G6: =[1]하키장!J8 -> 18310 | H6: =[1]하키장!E10 -> 1 | I6: =[1]하키장!J10 -> 50760 | J6: =[1]하키장!E12 -> 2 | K6: =[1]하키장!J12 -> 255935
A7: 4. 야구장 | B7: =SUM(D7,F7,H7,J7,L7,N7,P7,R7,B38,D38,F38,H38,J38,L38,N38,P38,R38) -> 373 | C7: =SUM(E7,G7,I7,K7,M7,O7,Q7,S7,C38,E38,G38,I38,K38,M38,O38,Q38,S38) -> 11201981 | D7: =[1]야구장!E6 -> 23 | E7: =[1]야구장!J6 -> 335191 | F7: =[1]야구장!E30 -> 11 | G7: =[1]야구장!J30 -> 402148 | H7: =[1]야구장!E42 -> 16 | I7: =[1]야구장!J42 -> 544293 | J7: =[1]야구장!E59 -> 9 | K7: =[1]야구장!J59 -> 842328.5 | L7: =[1]야구장!E69 -> 11 | M7: =[1]야구장!J69 -> 199546 | N7: =[1]야구장!E81 -> 7 | O7: =[1]야구장!J81 -> 5788.23 | P7: =[1]야구장!E89 -> 5 | Q7: =[1]야구장!J89 -> 110196 | R7: =[1]야구장!E95 -> 7 | S7: =[1]야구장!J95 -> 71427
A8: 5. 싸이클경기장 | B8: =SUM(D8,F8,H8,J8,L8,N8,P8,R8,B39,D39,F39,H39,J39,L39,N39,P39,R39) -> 11 | C8: =SUM(E8,G8,I8,K8,M8,O8,Q8,S8,C39,E39,G39,I39,K39,M39,O39,Q39,S39) -> 496536 | D8: 1 | E8: =[1]싸이클경기장!L6 -> 10672 | F8: 1 | G8: =[1]싸이클경기장!L7 -> 31861 | H8: 1 | I8: =[1]싸이클경기장!L8 -> 46972 | J8: 1 | K8: =[1]싸이클경기장!L9 -> 59356 | N8: 1 | O8: =[1]싸이클경기장!L10 -> 59499
A9: 6. 테니스장 | B9: =SUM(D9,F9,H9,J9,L9,N9,P9,R9,B40,D40,F40,H40,J40,L40,N40,P40,R40) -> 915 | C9: =SUM(E9,G9,I9,K9,M9,O9,Q9,S9,C40,E40,G40,I40,K40,M40,O40,Q40,S40) -> 11419958 | D9: =[1]테니스장!E5 -> 76 | E9: =[1]테니스장!K5 -> 441533.69 | F9: =[1]테니스장!E82 -> 41 | G9: =[1]테니스장!K82 -> 305711.95 | H9: =[1]테니스장!E124 -> 32 | I9: =[1]테니스장!K124 -> 441537 | J9: =[1]테니스장!E157 -> 40 | K9: =[1]테니스장!K157 -> 943918.9 | L9: =[1]테니스장!E198 -> 20 | M9: =[1]테니스장!K198 -> 107667 | N9: =[1]테니스장!E219 -> 8 | O9: =[1]테니스장!K219 -> 194841 | P9: =[1]테니스장!E228 -> 19 | Q9: =[1]테니스장!K228 -> 263473 | R9: =[1]테니스장!E248 -> 8 | S9: =[1]테니스장!K248 -> 110581
A10: 7. 씨름장 | B10: =SUM(D10,F10,H10,J10,L10,N10,P10,R10,B41,D41,F41,H41,J41,L41,N41,P41,R41) -> 73 | C10: =SUM(E10,G10,I10,K10,M10,O10,Q10,S10,C41,E41,G41,I41,K41,M41,O41,Q41,S41) -> 1134433.8 | F10: =[1]씨름장!E6 -> 2 | G10: =[1]씨름장!H6 -> 3687 | H10: =[1]씨름장!E9 -> 3 | I10: =[1]씨름장!H9 -> 9197 | J10: 1 | K10: =[1]씨름장!H13 -> 6188 | L10: 1 | M10: =[1]씨름장!H14 -> 234 | P10: 1 | Q10: =[1]씨름장!H15 -> 308269
A11: 8. 간이운동장 (마을체육시설) | B11: =SUM(D11,F11,H11,J11,L11,N11,P11,R11,B42,D42,F42,H42,J42,L42,N42,P42,R42) -> 27850 | C11: =SUM(E11,G11,I11,K11,M11,O11,Q11,S11,C42,E42,G42,I42,K42,M42,O42,Q42,S42) -> 48877134 | D11: 2538 | E11: 9895607.8 | F11: 1576 | G11: 2152163 | H11: 760 | I11: 966216 | J11: 989 | K11: 2425278.2 | L11: 1043 | M11: 515572 | N11: 557 | O11: 366023 | P11: 263 | Q11: 517305 | R11: 50 | S11: 68644
A12: 9. 체육관 | B12: =SUM(D12,F12,H12,J12,L12,N12,P12,R12,B43,D43,F43,H43,J43,L43,N43,P43,R43) -> 1530 | C12: =SUM(E12,G12,I12,K12,M12,O12,Q12,S12,C43,E43,G43,I43,K43,M43,O43,Q43,S43) -> 36302920 | D12: =SUM(D13:D15) -> 166 | E12: =SUM(E13:E15) -> 1859035.6 | F12: =SUM(F13:F15) -> 38 | G12: =SUM(G13:G15) -> 528927.56 | H12: =SUM(H13:H15) -> 36 | I12: =SUM(I13:I15) -> 447573 | J12: =SUM(J13:J15) -> 51 | K12: =SUM(K13:K15) -> 2494945.6 | ... S12: =SUM(S13:S15) -> 276105
A13: 구기체육관 | B13: =SUM(D13,F13,H13,J13,L13,N13,P13,R13,B44,D44,F44,H44,J44,L44,N44,P44,R44) -> 559 | C13: =SUM(E13,G13,I13,K13,M13,O13,Q13,S13,C44,E44,G44,I44,K44,M44,O44,Q44,S44) -> 12917875 | D13: =[1]구기체육관!E5 -> 51 | E13: =[1]구기체육관!H5 -> 668283.4 | F13: =[1]구기체육관!E57 -> 4 | G13: =[1]구기체육관!H57 -> 114089 | H13: =[1]구기체육관!E62 -> 4 | I13: =[1]구기체육관!H62 -> 30683 | J13: =[1]구기체육관!E67 -> 4 | K13: =[1]구기체육관!H67 -> 327698 | L13: =[1]구기체육관!E72 -> 3 | M13: =[1]구기체육관!H72 -> 55000 | N13: =[1]구기체육관!E76 -> 8 | O13: =[1]구기체육관!H76 -> 51698 | P13: =[1]구기체육관!E85 -> 7 | Q13: =[1]구기체육관!H85 -> 136299.2 | R13: =[1]구기체육관!E93 -> 2 | S13: =[1]구기체육관!H93 -> 4610
A14: 투기체육관 | B14: =SUM(D14,F14,H14,J14,L14,N14,P14,R14,B45,D45,F45,H45,J45,L45,N45,P45,R45) -> 48 | C14: =SUM(E14,G14,I14,K14,M14,O14,Q14,S14,C45,E45,G45,I45,K45,M45,O45,Q45,S45) -> 1493303.4 | D14: =[1]투기체육관!E5 -> 1 | E14: =[1]투기체육관!K5 -> 12817 | F14: =[1]투기체육관!E7 -> 2 | G14: =[1]투기체육관!K7 -> 6893 | H14: =[1]투기체육관!E10 -> 4 | I14: =[1]투기체육관!K10 -> 5725 | J14: =[1]투기체육관!E15 -> 3 | K14: =[1]투기체육관!K15 -> 357431 | L14: =[1]투기체육관!E19 -> 1 | M14: =[1]투기체육관!K19 -> 1576
A15: 생활체육관 | B15: =SUM(D15,F15,H15,J15,L15,N15,P15,R15,B46,D46,F46,H46,J46,L46,N46,P46,R46) -> 923 | C15: =SUM(E15,G15,I15,K15,M15,O15,Q15,S15,C46,E46,G46,I46,K46,M46,O46,Q46,S46) -> 21891742 | D15: =[1]생활체육관!E6 -> 114 | E15: =[1]생활체육관!H6 -> 1177935.2 | F15: =[1]생활체육관!E121 -> 32 | G15: =[1]생활체육관!H121 -> 407945.56 | H15: =[1]생활체육관!E154 -> 28 | I15: =[1]생활체육관!H154 -> 411165 | J15: =[1]생활체육관!E183 -> 44 | K15: =[1]생활체육관!H183 -> 1809816.6 | L15: =[1]생활체육관!E228 -> 25 | M15: =[1]생활체육관!H228 -> 306315.3 | N15: =[1]생활체육관!E254 -> 17 | O15: =[1]생활체육관!H254 -> 317270.7 | P15: =[1]생활체육관!E272 -> 16 | Q15: =[1]생활체육관!H272 -> 508116 | R15: =[1]생활체육관!E289 -> 25 | S15: =[1]생활체육관!H289 -> 271495
A16: 10. 전천후게이트볼장 | B16: =SUM(D16,F16,H16,J16,L16,N16,P16,R16,B47,D47,F47,H47,J47,L47,N47,P47,R47) -> 2000 | C16: =SUM(E16,G16,I16,K16,M16,O16,Q16,S16,C47,E47,G47,I47,K47,M47,O47,Q47,S47) -> 11977087 | D16: =[1]게이트볼장!E6 -> 31 | E16: =[1]게이트볼장!K6 -> 25483.5 | F16: =[1]게이트볼장!E38 -> 15 | G16: =[1]게이트볼장!K38 -> 264045.15 | H16: =[1]게이트볼장!E54 -> 13 | I16: =[1]게이트볼장!K54 -> 27110 | J16: =[1]게이트볼장!E68 -> 78 | K16: =[1]게이트볼장!K68 -> 393009.45 | L16: =[1]게이트볼장!E147 -> 45 | M16: =[1]게이트볼장!K147 -> 35019 | N16: =[1]게이트볼장!E193 -> 22 | O16: =[1]게이트볼장!K193 -> 296060.9 | P16: =[1]게이트볼장!E216 -> 27 | Q16: =[1]게이트볼장!K216 -> 168106 | R16: =[1]게이트볼장!E244 -> 14 | S16: =[1]게이트볼장!K244 -> 26439
A17: 11. 수영장 | B17: =SUM(D17,F17,H17,J17,L17,N17,P17,R17,B48,D48,F48,H48,J48,L48,N48,P48,R48) -> 579 | C17: =SUM(E17,G17,I17,K17,M17,O17,Q17,S17,C48,E48,G48,I48,K48,M48,O48,Q48,S48) -> 13272657 | D17: =[1]수영장!E6 -> 99 | E17: =[1]수영장!L6 -> 599326.11 | F17: =[1]수영장!E106 -> 28 | G17: =[1]수영장!L106 -> 381283 | H17: =[1]수영장!E135 -> 20 | I17: =[1]수영장!L135 -> 295874.8 | J17: =[1]수영장!E156 -> 28 | K17: =[1]수영장!L156 -> 1208302.2 | L17: =[1]수영장!E185 -> 10 | M17: =[1]수영장!L185 -> 108509.1 | N17: =[1]수영장!E196 -> 19 | O17: =[1]수영장!L196 -> 43770.66 | P17: =[1]수영장!E216 -> 16 | Q17: =[1]수영장!L216 -> 460601 | R17: =[1]수영장!E233 -> 7 | S17: =[1]수영장!L233 -> 17444
A18: 12. 롤러스케이트장 | B18: =SUM(D18,F18,H18,J18,L18,N18,P18,R18,B49,D49,F49,H49,J49,L49,N49,P49,R49) -> 184 | C18: =SUM(E18,G18,I18,K18,M18,O18,Q18,S18,C49,E49,G49,I49,K49,M49,O49,Q49,S49) -> 2637650.6 | D18: =[1]롤러스케이트장!D6 -> 14 | E18: =[1]롤러스케이트장!G6 -> 61954 | F18: =[1]롤러스케이트장!D21 -> 13 | G18: =[1]롤러스케이트장!G21 -> 69493 | H18: =[1]롤러스케이트장!D35 -> 6 | I18: =[1]롤러스케이트장!G35 -> 40440 | J18: =[1]롤러스케이트장!D42 -> 4 | K18: =[1]롤러스케이트장!G42 -> 40738 | L18: =[1]롤러스케이트장!D47 -> 2 | M18: =[1]롤러스케이트장!G47 -> 22542 | N18: =[1]롤러스케이트장!D50 -> 2 | O18: =[1]롤러스케이트장!G50 -> 25727.6 | P18: =[1]롤러스케이트장!D53 -> 2 | Q18: =[1]롤러스케이트장!G53 -> 18300 | R18: =[1]롤러스케이트장!D56 -> 9 | S18: =[1]롤러스케이트장!G56 -> 27016
A19: 13. 사격장 | B19: =SUM(D19,F19,H19,J19,L19,N19,P19,R19,B50,D50,F50,H50,J50,L50,N50,P50,R50) -> 26 | C19: =SUM(E19,G19,I19,K19,M19,O19,Q19,S19,C50,E50,G50,I50,K50,M50,O50,Q50,S50) -> 1083972 | F19: 1 | G19: =[1]사격장!K6 -> 6009 | H19: 1 | I19: =[1]사격장!K7 -> 191300 | J19: 1 | K19: =[1]사격장!K8 -> 95837 | P19: 1 | Q19: =[1]사격장!K9 -> 3700
A20: 14. 국궁장 | B20: =SUM(D20,F20,H20,J20,L20,N20,P20,R20,B51,D51,F51,H51,J51,L51,N51,P51,R51) -> 285 | C20: =SUM(E20,G20,I20,K20,M20,O20,Q20,S20,C51,E51,G51,I51,K51,M51,O51,Q51,S51) -> 2942923.5 | D20: =[1]국궁장!E5 -> 8 | E20: =[1]국궁장!J5 -> 38873.5 | F20: =[1]국궁장!E14 -> 3 | G20: =[1]국궁장!J14 -> 11733 | H20: =[1]국궁장!E18 -> 3 | I20: =[1]국궁장!J18 -> 21186 | J20: =[1]국궁장!E22 -> 8 | K20: =[1]국궁장!J22 -> 100241 | L20: =[1]국궁장!E31 -> 3 | M20: =[1]국궁장!J31 -> 40891 | N20: =[1]국궁장!E35 -> 5 | O20: =[1]국궁장!J35 -> 1779.56 | P20: =[1]국궁장!E41 -> 4 | Q20: =[1]국궁장!J41 -> 49699 | R20: =[1]국궁장!E46 -> 3 | S20: =[1]국궁장!J46 -> 23717
A21: 15. 양궁장 | B21: =SUM(D21,F21,H21,J21,L21,N21,P21,R21,B52,D52,F52,H52,J52,L52,N52,P52,R52) -> 28 | C21: =SUM(E21,G21,I21,K21,M21,O21,Q21,S21,C52,E52,G52,I52,K52,M52,O52,Q52,S52) -> 743211 | F21: 1 | G21: =[1]양궁장!J6 -> 20576 | H21: =[1]양궁장!E7 -> 3 | I21: =[1]양궁장!J7 -> 43059 | J21: =[1]양궁장!E11 -> 2 | K21: =[1]양궁장!J11 -> 13061 | L21: =[1]양궁장!E14 -> 1 | M21: =[1]양궁장!J14 -> 45109 | N21: 1 | O21: =[1]양궁장!J16 -> 320 | P21: 1 | Q21: =[1]양궁장!J17 -> 103117
A22: 16. 승마장 | B22: =SUM(D22,F22,H22,J22,L22,N22,P22,R22,B53,D53,F53,H53,J53,L53,N53,P53,R53) -> 24 | C22: =SUM(E22,G22,I22,K22,M22,O22,Q22,S22,C53,E53,G53,I53,K53,M53,O53,Q53,S53) -> 1065286 | F22: =[1]승마장!E6 -> 2 | G22: =[1]승마장!L6 -> 27381.12 | H22: =[1]승마장!E9 -> 3 | I22: =[1]승마장!L9 -> 37049 | L22: 1 | M22: =[1]승마장!L13 -> 26084 | N22: 1 | O22: =[1]승마장!L14 -> 5215
A23: 17. 골프연습장 | B23: =SUM(D23,F23,H23,J23,L23,N23,P23,R23,B54,D54,F54,H54,J54,L54,N54,P54,R54) -> 92 | C23: =SUM(E23,G23,I23,K23,M23,O23,Q23,S23,C54,E54,G54,I54,K54,M54,O54,Q54,S54) -> 1340909.4 | D23: =[1]골프연습장!E6 -> 33 | E23: =[1]골프연습장!J6 -> 192186 | F23: =[1]골프연습장!E40 -> 7 | G23: =[1]골프연습장!J40 -> 4942 | H23: 1 | I23: =[1]골프연습장!L48 -> 7519 | J23: =[1]골프연습장!E49 -> 4 | K23: =[1]골프연습장!J49 -> 160634 | L23: =[1]골프연습장!E54 -> 2 | M23: =[1]골프연습장!J54 -> 30626
A24: 18. 조정카누장 | B24: =SUM(D24,F24,H24,J24,L24,N24,P24,R24,B55,D55,F55,H55,J55,L55,N55,P55,R55) -> 10 | C24: =SUM(E24,G24,I24,K24,M24,O24,Q24,S24,C55,E55,G55,I55,K55,M55,O55,Q55,S55) -> 1197279 | F24: 1 | G24: =[1]조정카누장!J6 -> 25252
A25: 19. 요트장 | B25: =SUM(D25,F25,H25,J25,L25,N25,P25,R25,B56,D56,F56,H56,J56,L56,N56,P56,R56) -> 15 | C25: =SUM(E25,G25,I25,K25,M25,O25,Q25,S25,C56,E56,G56,I56,K56,M56,O56,Q56,S56) -> 315018 | F25: 1 | G25: =[1]요트장!K6 -> 138561
A26: 20. 빙상장 | B26: =SUM(D26,F26,H26,J26,L26,N26,P26,R26,B57,D57,F57,H57,J57,L57,N57,P57,R57) -> 36 | C26: =SUM(E26,G26,I26,K26,M26,O26,Q26,S26,C57,E57,G57,I57,K57,M57,O57,Q57,S57) -> 3745426.6 | D26: =[1]빙상장!E6 -> 3 | E26: =[1]빙상장!H6 -> 36540 | F26: =[1]빙상장!E10 -> 2 | G26: =[1]빙상장!H10 -> 116524 | H26: 1 | I26: =[1]빙상장!H13 -> 3693 | J26: 1 | K26: =[1]빙상장!H14 -> 441659 | L26: 1 | M26: =[1]빙상장!J15 -> 4117 | N26: 1 | O26: =[1]빙상장!H16 -> 13439 | R26: 1 | S26: =[1]빙상장!H17 -> 526468
A27: 21. 설상경기장 | B27: =SUM(D27,F27,H27,J27,L27,N27,P27,R27,B58,D58,F58,H58,J58,L58,N58,P58,R58) -> 4 | C27: =SUM(E27,G27,I27,K27,M27,O27,Q27,S27,C58,E58,G58,I58,K58,M58,O58,Q58,S58) -> 462499.9
A28: 22. 파크골프장 | B28: =SUM(D28,F28,H28,J28,L28,N28,P28,R28,B59,D59,F59,H59,J59,L59,N59,P59,R59) -> 461 | C28: =SUM(E28,G28,I28,K28,M28,O28,Q28,S28,C59,E59,G59,I59,K59,M59,O59,Q59,S59) -> 8587905.3 | D28: =[1]파크골프장!E6 -> 23 | E28: =[1]파크골프장!G6 -> 201735 | F28: =[1]파크골프장!E30 -> 17 | G28: =[1]파크골프장!G30 -> 285722.3 | H28: =[1]파크골프장!E48 -> 34 | I28: =[1]파크골프장!G48 -> 561394 | J28: =[1]파크골프장!E83 -> 4 | K28: =[1]파크골프장!G83 -> 27645 | L28: =[1]파크골프장!E88 -> 10 | M28: =[1]파크골프장!G88 -> 182238 | N28: =[1]파크골프장!E99 -> 4 | O28: =[1]파크골프장!G99 -> 99181 | P28: =[1]파크골프장!E104 -> 8 | Q28: =[1]파크골프장!G104 -> 116566 | R28: =[1]파크골프장!E113 -> 7 | S28: =[1]파크골프장!G113 -> 123234
A29: 23. 기타시설 | B29: =SUM(D29,F29,H29,J29,L29,N29,P29,R29,B60,D60,F60,H60,J60,L60,N60,P60,R60) -> 2676 | C29: =SUM(E29,G29,I29,K29,M29,O29,Q29,S29,C60,E60,G60,I60,K60,M60,O60,Q60,S60) -> 19597774 | D29: =D30+D31 -> 161 | E29: =E30+E31 -> 521755.78 | F29: =F30+F31 -> 111 | G29: =G30+G31 -> 244846.8 | H29: =H30+H31 -> 33 | I29: =I30+I31 -> 125409 | J29: =J30+J31 -> 47 | K29: =K30+K31 -> 1267698.6 | ... S29: =S30+S31 -> 48266
A30: - 풋살장 | B30: =SUM(D30,F30,H30,J30,L30,N30,P30,R30,B61,D61,F61,H61,J61,L61,N61,P61,R61) -> 630 | C30: =SUM(E30,G30,I30,K30,M30,O30,Q30,S30,C61,E61,G61,I61,K61,M61,O61,Q61,S61) -> 5382925.7 | D30: ='[1]기타 체육시설(풋살장)'!E6 -> 34 | E30: ='[1]기타 체육시설(풋살장)'!G6 -> 136980 | F30: ='[1]기타 체육시설(풋살장)'!E41 -> 9 | G30: ='[1]기타 체육시설(풋살장)'!G41 -> 38513 | H30: ='[1]기타 체육시설(풋살장)'!E51 -> 11 | I30: ='[1]기타 체육시설(풋살장)'!G51 -> 74750 | J30: ='[1]기타 체육시설(풋살장)'!E63 -> 9 | K30: ='[1]기타 체육시설(풋살장)'!G63 -> 8683 | L30: ='[1]기타 체육시설(풋살장)'!E73 -> 5 | M30: ='[1]기타 체육시설(풋살장)'!G73 -> 8104 | N30: ='[1]기타 체육시설(풋살장)'!E79 -> 5 | O30: ='[1]기타 체육시설(풋살장)'!G79 -> 46041 | P30: ='[1]기타 체육시설(풋살장)'!E85 -> 34 | Q30: ='[1]기타 체육시설(풋살장)'!G85 -> 31305 | R30: ='[1]기타 체육시설(풋살장)'!E120 -> 14 | S30: ='[1]기타 체육시설(풋살장)'!G120 -> 19434
A31: - 그외 | B31: =SUM(D31,F31,H31,J31,L31,N31,P31,R31,B62,D62,F62,H62,J62,L62,N62,P62,R62) -> 2046 | C31: =SUM(E31,G31,I31,K31,M31,O31,Q31,S31,C62,E62,G62,I62,K62,M62,O62,Q62,S62) -> 14214848 | D31: ='[1]기타 체육시설(그외)'!E6 -> 127 | E31: ='[1]기타 체육시설(그외)'!G6 -> 384775.78 | F31: ='[1]기타 체육시설(그외)'!E134 -> 102 | G31: ='[1]기타 체육시설(그외)'!G134 -> 206333.8 | H31: ='[1]기타 체육시설(그외)'!E237 -> 22 | I31: ='[1]기타 체육시설(그외)'!G237 -> 50659 | J31: ='[1]기타 체육시설(그외)'!E260 -> 38 | K31: ='[1]기타 체육시설(그외)'!G260 -> 1259015.6 | L31: ='[1]기타 체육시설(그외)'!E299 -> 25 | M31: ='[1]기타 체육시설(그외)'!G299 -> 129488 | N31: ='[1]기타 체육시설(그외)'!E325 -> 24 | O31: ='[1]기타 체육시설(그외)'!G325 -> 112946 | P31: ='[1]기타 체육시설(그외)'!E350 -> 25 | Q31: ='[1]기타 체육시설(그외)'!G350 -> 63393 | R31: ='[1]기타 체육시설(그외)'!E376 -> 20 | S31: ='[1]기타 체육시설(그외)'!G376 -> 28832
A32: 시 설 항 목 | B32: 경기 | D32: 강원 | F32: 충북 | H32: 충남 | J32: 전북 | L32: 전남 | N32: 경북 | P32: 경남 | R32: 제주
B33: 개소 | C33: 면적 | D33: 개소 | E33: 면적 | F33: 개소 | G33: 면적 | H33: 개소 | I33: 면적 | J33: 개소 | K33: 면적 | L33: 개소 | M33: 면적 | N33: 개소 | O33: 면적 | P33: 개소 | Q33: 면적 | R33: 개소 | S33: 면적
A34: 합 계 | B34: =SUM(B35:B43,B47:B60) -> 5029 | C34: =SUM(C35:C43,C47:C60) -> 58957064 | D34: =SUM(D35:D43,D47:D60) -> 3032 | E34: =SUM(E35:E43,E47:E60) -> 17936983 | F34: =SUM(F35:F43,F47:F60) -> 2735 | G34: =SUM(G35:G43,G47:G60) -> 11621210 | H34: =SUM(H35:H43,H47:H60) -> 2425 | I34: =SUM(I35:I43,I47:I60) -> 14071325 | ... S34: =SUM(S35:S43,S47:S60) -> 4356807
A35: 1. 육상경기장 | B35: =[1]육상경기장!E43 -> 40 | C35: =[1]육상경기장!L43 -> 4366820.9 | D35: =[1]육상경기장!E84 -> 33 | E35: =[1]육상경기장!L84 -> 1904302 | F35: =[1]육상경기장!E118 -> 17 | G35: =[1]육상경기장!L118 -> 1011100 | H35: =[1]육상경기장!E136 -> 17 | I35: =[1]육상경기장!L136 -> 1898359 | J35: =[1]육상경기장!E154 -> 14 | K35: =[1]육상경기장!L154 -> 1071246 | L35: =[1]육상경기장!E169 -> 29 | M35: =[1]육상경기장!L169 -> 2211107 | N35: =[1]육상경기장!E199 -> 22 | O35: =[1]육상경기장!L199 -> 1645018 | P35: =[1]육상경기장!E222 -> 32 | Q35: =[1]육상경기장!L222 -> 2588711.9 | R35: =[1]육상경기장!E255 -> 15 | S35: =[1]육상경기장!L255 -> 702374
A36: 2. 축구장 | B36: =[1]축구장!E274 -> 279 | C36: =[1]축구장!I274 -> 9332549.5 | D36: =[1]축구장!E554 -> 76 | E36: =[1]축구장!I554 -> 1883699 | F36: =[1]축구장!E631 -> 43 | G36: =[1]축구장!I631 -> 1452397 | H36: =[1]축구장!E675 -> 41 | I36: =[1]축구장!I631 -> 1452397 | J36: =[1]축구장!E717 -> 97 | K36: =[1]축구장!I717 -> 3241934 | L36: =[1]축구장!E815 -> 92 | M36: =[1]축구장!I815 -> 3019174 | N36: =[1]축구장!E908 -> 78 | O36: =[1]축구장!I908 -> 2363609 | P36: =[1]축구장!E987 -> 175 | Q36: =[1]축구장!I987 -> 4237781.1 | R36: =[1]축구장!E1163 -> 22 | S36: =[1]축구장!I1163 -> 830328
A37: 3. 하키장 | B37: =[1]하키장!E15 -> 3 | C37: =[1]하키장!J15 -> 44017 | D37: =[1]하키장!E19 -> 2 | E37: =[1]하키장!J19 -> 38157 | F37: =[1]하키장!E22 -> 2 | G37: =[1]하키장!J22 -> 43662 | H37: =[1]하키장!E25 -> 1 | I37: =[1]하키장!J25 -> 14063 | J37: =[1]하키장!E27 -> 2 | K37: =[1]하키장!J27 -> 266289 | L37: =[1]하키장!E30 -> 2 | M37: =[1]하키장!J30 -> 221560 | P37: =[1]하키장!E33 -> 1 | Q37: =[1]하키장!J33 -> 32725
A38: 4. 야구장 | B38: =[1]야구장!E103 -> 81 | C38: =[1]야구장!J103 -> 1845960.6 | D38: =[1]야구장!E185 -> 27 | E38: =[1]야구장!J185 -> 820332 | F38: =[1]야구장!E219 -> 17 | G38: =[1]야구장!J219 -> 1466345.4 | H38: =[1]야구장!E237 -> 26 | I38: =[1]야구장!J237 -> 591066 | J38: =[1]야구장!E264 -> 24 | K38: =[1]야구장!J264 -> 523721 | L38: =[1]야구장!E289 -> 31 | M38: =[1]야구장!J289 -> 1222569 | N38: =[1]야구장!E321 -> 32 | O38: =[1]야구장!J321 -> 987123 | P38: =[1]야구장!E356 -> 38 | Q38: =[1]야구장!J356 -> 999287 | R38: =[1]야구장!E395 -> 8 | S38: =[1]야구장!J395 -> 234659
A39: 5. 싸이클경기장 | B39: 1 | C39: =[1]싸이클경기장!L11 -> 25456 | D39: 1 | E39: =[1]싸이클경기장!L12 -> 82346 | F39: 1 | G39: =[1]싸이클경기장!L13 -> 64948 | J39: 1 | K39: =[1]싸이클경기장!L14 -> 33013 | L39: 1 | M39: =[1]싸이클경기장!L15 -> 28017 | P39: 1 | Q39: =[1]싸이클경기장!L16 -> 54396
A40: 6. 테니스장 | B40: =[1]테니스장!E257 -> 230 | C40: =[1]테니스장!K257 -> 2279138.2 | D40: =[1]테니스장!E488 -> 78 | E40: =[1]테니스장!K488 -> 993320.9 | F40: =[1]테니스장!E567 -> 35 | G40: =[1]테니스장!K567 -> 701432.56 | H40: =[1]테니스장!E603 -> 46 | I40: =[1]테니스장!K603 -> 611458.71 | J40: =[1]테니스장!E650 -> 55 | K40: =[1]테니스장!K650 -> 1459258 | L40: =[1]테니스장!E706 -> 51 | M40: =[1]테니스장!K706 -> 658536.78 | N40: =[1]테니스장!E758 -> 67 | O40: =[1]테니스장!K758 -> 807671.2 | P40: =[1]테니스장!E826 -> 101 | Q40: =[1]테니스장!K826 -> 1045879.6 | R40: =[1]테니스장!E928 -> 8 | S40: =[1]테니스장!K928 -> 53999
A41: 7. 씨름장 | B41: =[1]씨름장!E16 -> 12 | C41: =[1]씨름장!H16 -> 179373.92 | D41: =[1]씨름장!E29 -> 5 | E41: =[1]씨름장!H29 -> 17366 | F41: =[1]씨름장!E35 -> 7 | G41: =[1]씨름장!H35 -> 264252.88 | H41: =[1]씨름장!E43 -> 4 | I41: =[1]씨름장!H43 -> 63444 | J41: =[1]씨름장!E48 -> 8 | K41: =[1]씨름장!H48 -> 1540 | L41: =[1]씨름장!E57 -> 12 | M41: =[1]씨름장!H57 -> 26537 | N41: =[1]씨름장!E70 -> 9 | O41: =[1]씨름장!H70 -> 27284 | P41: =[1]씨름장!E80 -> 7 | Q41: =[1]씨름장!H80 -> 225111 | R41: 1 | S41: =[1]씨름장!H88 -> 1950
A42: 8. 간이운동장 (마을체육시설) | B42: 2566 | C42: 10837762 | D42: 2114 | E42: 3311451 | F42: 2259 | G42: 1410372 | H42: 1728 | I42: 3306481 | J42: 787 | K42: 1663420 | L42: 3553 | M42: 4713082 | N42: 4317 | O42: 3004848 | P42: 2260 | Q42: 2831200 | R42: 490 | S42: 891709
A43: 9. 체육관 | B43: =SUM(B44:B46) -> 377 | C43: =SUM(C44:C46) -> 10435201 | D43: =SUM(D44:D46) -> 123 | E43: =SUM(E44:E46) -> 2498827.2 | F43: =SUM(F44:F46) -> 61 | G43: =SUM(G44:G46) -> 1189145 | H43: =SUM(H44:H46) -> 84 | I43: =SUM(I44:I46) -> 2408333.6 | ... S43: =SUM(S44:S46) -> 642969
A44: 구기체육관 | B44: =[1]구기체육관!E96 -> 189 | C44: =[1]구기체육관!H96 -> 4908287.7 | D44: =[1]구기체육관!E286 -> 44 | E44: =[1]구기체육관!H286 -> 1210266 | F44: =[1]구기체육관!E331 -> 18 | G44: =[1]구기체육관!H331 -> 310701.8 | H44: =[1]구기체육관!E350 -> 43 | I44: =[1]구기체육관!H350 -> 1099146 | J44: =[1]구기체육관!E394 -> 30 | K44: =[1]구기체육관!H394 -> 933059.4 | L44: =[1]구기체육관!E425 -> 43 | M44: =[1]구기체육관!H425 -> 842655.3 | N44: =[1]구기체육관!E469 -> 34 | O44: =[1]구기체육관!H469 -> 803239.8 | P44: =[1]구기체육관!E504 -> 58 | Q44: =[1]구기체육관!H504 -> 1201165.1 | R44: =[1]구기체육관!E563 -> 17 | S44: =[1]구기체육관!H563 -> 220993
A45: 투기체육관 | B45: =[1]투기체육관!E21 -> 5 | C45: =[1]투기체육관!K21 -> 605841.2 | D45: =[1]투기체육관!E27 -> 10 | E45: =[1]투기체육관!K27 -> 98926 | F45: =[1]투기체육관!E38 -> 3 | G45: =[1]투기체육관!K38 -> 18623 | H45: =[1]투기체육관!E42 -> 2 | I45: =[1]투기체육관!K42 -> 98988.63 | J45: =[1]투기체육관!E45 -> 1 | K45: =[1]투기체육관!K45 -> 660 | L45: =[1]투기체육관!E47 -> 6 | M45: =[1]투기체육관!K47 -> 124634 | N45: =[1]투기체육관!E54 -> 5 | O45: =[1]투기체육관!K54 -> 126338.55 | P45: =[1]투기체육관!E60 -> 4 | Q45: =[1]투기체육관!K60 -> 33207 | R45: 1 | S45: =[1]투기체육관!K65 -> 1643
A46: 생활체육관 | B46: =[1]생활체육관!E315 -> 183 | C46: =[1]생활체육관!H315 -> 4921071.9 | D46: =[1]생활체육관!E499 -> 69 | E46: =[1]생활체육관!H499 -> 1189635.2 | F46: =[1]생활체육관!E569 -> 40 | G46: =[1]생활체육관!H569 -> 859820.2 | H46: =[1]생활체육관!E610 -> 39 | I46: =[1]생활체육관!H610 -> 1210199 | J46: =[1]생활체육관!E650 -> 74 | K46: =[1]생활체육관!H650 -> 1913723.4 | L46: =[1]생활체육관!E725 -> 48 | M46: =[1]생활체육관!H725 -> 1687883.3 | N46: =[1]생활체육관!E774 -> 82 | O46: =[1]생활체육관!H774 -> 1179054.9 | P46: =[1]생활체육관!E857 -> 70 | Q46: =[1]생활체육관!H857 -> 3299962 | R46: =[1]생활체육관!E928 -> 17 | S46: =[1]생활체육관!H928 -> 420333
A47: 10. 전천후게이트볼장 | B47: =[1]게이트볼장!E259 -> 408 | C47: =[1]게이트볼장!K259 -> 3193559.1 | D47: =[1]게이트볼장!E668 -> 231 | E47: =[1]게이트볼장!K668 -> 1061580 | F47: =[1]게이트볼장!E900 -> 106 | G47: =[1]게이트볼장!K900 -> 755472 | H47: =[1]게이트볼장!E1007 -> 243 | I47: =[1]게이트볼장!K1007 -> 1072635.5 | J47: =[1]게이트볼장!E1251 -> 153 | K47: =[1]게이트볼장!K1251 -> 1274207.1 | L47: =[1]게이트볼장!E1405 -> 267 | M47: =[1]게이트볼장!K1405 -> 1735584.1 | N47: =[1]게이트볼장!E1673 -> 98 | O47: =[1]게이트볼장!K1673 -> 195154 | P47: =[1]게이트볼장!E1772 -> 211 | Q47: =[1]게이트볼장!K1772 -> 896272.38 | R47: =[1]게이트볼장!E1984 -> 38 | S47: =[1]게이트볼장!K1984 -> 557350
A48: 11. 수영장 | B48: =[1]수영장!E241 -> 135 | C48: =[1]수영장!L241 -> 5106232.4 | D48: =[1]수영장!E377 -> 37 | E48: =[1]수영장!L377 -> 583200.16 | F48: =[1]수영장!E415 -> 26 | G48: =[1]수영장!L415 -> 757360.2 | H48: =[1]수영장!E442 -> 22 | I48: =[1]수영장!L442 -> 754082 | J48: =[1]수영장!E465 -> 28 | K48: =[1]수영장!L465 -> 819523 | L48: =[1]수영장!E494 -> 26 | M48: =[1]수영장!L494 -> 646074.98 | N48: =[1]수영장!E521 -> 40 | O48: =[1]수영장!L521 -> 729699.8 | P48: =[1]수영장!E562 -> 36 | Q48: =[1]수영장!L562 -> 744391.87 | R48: =[1]수영장!E599 -> 2 | S48: =[1]수영장!L599 -> 16982
A49: 12. 롤러스케이트장 | B49: =[1]롤러스케이트장!D66 -> 52 | C49: =[1]롤러스케이트장!G66 -> 621924 | D49: =[1]롤러스케이트장!D119 -> 9 | E49: =[1]롤러스케이트장!G119 -> 257318 | F49: =[1]롤러스케이트장!D129 -> 7 | G49: =[1]롤러스케이트장!G129 -> 132611 | H49: =[1]롤러스케이트장!D137 -> 14 | I49: =[1]롤러스케이트장!G137 -> 48614 | J49: =[1]롤러스케이트장!D152 -> 7 | K49: =[1]롤러스케이트장!G152 -> 543944 | L49: =[1]롤러스케이트장!D160 -> 7 | M49: =[1]롤러스케이트장!G160 -> 217304 | N49: =[1]롤러스케이트장!D168 -> 14 | O49: =[1]롤러스케이트장!G168 -> 313760 | P49: =[1]롤러스케이트장!D183 -> 20 | Q49: =[1]롤러스케이트장!G183 -> 176965 | R49: =[1]롤러스케이트장!D204 -> 2 | S49: =[1]롤러스케이트장!G204 -> 19000
A50: 13. 사격장 | B50: 1 | C50: =[1]사격장!K10 -> 78061 | D50: =[1]사격장!E11 -> 7 | E50: =[1]사격장!K11 -> 94267 | F50: =[1]사격장!E19 -> 3 | G50: =[1]사격장!K19 -> 127721 | H50: 1 | I50: =[1]사격장!K23 -> 9746 | J50: 1 | K50: =[1]사격장!K24 -> 130701 | L50: 1 | M50: =[1]사격장!K25 -> 57614 | N50: =[1]사격장!E26 -> 4 | O50: =[1]사격장!K26 -> 172983 | P50: =[1]사격장!E31 -> 4 | Q50: =[1]사격장!K31 -> 116033
A51: 14. 국궁장 | B51: =[1]국궁장!E50 -> 57 | C51: =[1]국궁장!J50 -> 614221.4 | D51: =[1]국궁장!E108 -> 33 | E51: =[1]국궁장!J108 -> 387848 | F51: =[1]국궁장!E142 -> 13 | G51: =[1]국궁장!J142 -> 114852 | H51: =[1]국궁장!E156 -> 23 | I51: =[1]국궁장!J156 -> 153436 | J51: =[1]국궁장!E180 -> 15 | K51: =[1]국궁장!J180 -> 192923 | L51: =[1]국궁장!E196 -> 32 | M51: =[1]국궁장!J196 -> 469254 | N51: =[1]국궁장!E229 -> 22 | O51: =[1]국궁장!J229 -> 296137 | P51: =[1]국궁장!E252 -> 48 | Q51: =[1]국궁장!J252 -> 404163 | R51: =[1]국궁장!E301 -> 5 | S51: =[1]국궁장!J301 -> 21969
A52: 15. 양궁장 | B52: =[1]양궁장!E18 -> 6 | C52: =[1]양궁장!J18 -> 40040 | D52: =[1]양궁장!E25 -> 4 | E52: =[1]양궁장!J25 -> 140234 | F52: =[1]양궁장!E30 -> 3 | G52: =[1]양궁장!J30 -> 84092 | J52: =[1]양궁장!E34 -> 2 | K52: =[1]양궁장!J34 -> 102448 | L52: 1 | M52: =[1]양궁장!J37 -> 3269 | N52: 1 | O52: =[1]양궁장!J38 -> 79969 | P52: 2 | Q52: ='15. 양궁장'!J39 -> 67917
A53: 16. 승마장 | B53: 1 | C53: =[1]승마장!L15 -> 39318 | D53: =[1]승마장!E16 -> 2 | E53: =[1]승마장!L16 -> 40423 | H53: =[1]승마장!E19 -> 2 | I53: =[1]승마장!L19 -> 25843 | J53: =[1]승마장!E22 -> 5 | K53: =[1]승마장!L22 -> 224358.9 | L53: =[1]승마장!E28 -> 2 | M53: =[1]승마장!L28 -> 44126 | N53: =[1]승마장!E31 -> 3 | O53: =[1]승마장!L31 -> 432229 | P53: =[1]승마장!E35 -> 2 | Q53: =[1]승마장!L35 -> 163259
A54: 17. 골프연습장 | B54: =[1]골프연습장!E57 -> 11 | C54: =[1]골프연습장!J57 -> 439990.43 | D54: =[1]골프연습장!E69 -> 10 | E54: =[1]골프연습장!J69 -> 266273 | F54: =[1]골프연습장!E80 -> 3 | G54: =[1]골프연습장!J80 -> 19571 | J54: =[1]골프연습장!E84 -> 3 | K54: =[1]골프연습장!J84 -> 21790 | L54: =[1]골프연습장!E88 -> 4 | M54: =[1]골프연습장!J88 -> 71805 | N54: =[1]골프연습장!E93 -> 3 | O54: =[1]골프연습장!J93 -> 38569 | P54: =[1]골프연습장!E97 -> 10 | Q54: =[1]골프연습장!J97 -> 63864 | R54: 1 | S54: =[1]골프연습장!J108 -> 23140
A55: 18. 조정카누장 | B55: =[1]조정카누장!E7 -> 2 | C55: =[1]조정카누장!J7 -> 1013565 | D55: 1 | E55: =[1]조정카누장!J10 -> 4191 | F55: =[1]조정카누장!E11 -> 3 | G55: =[1]조정카누장!J11 -> 120158 | L55: =[1]조정카누장!E15 -> 2 | M55: =[1]조정카누장!J15 -> 33447 | P55: 1 | Q55: =[1]조정카누장!J18 -> 666
A56: 19. 요트장 | B56: 1 | C56: =[1]요트장!K7 -> 593 | D56: 2 | E56: =[1]요트장!K8 -> 23370 | F56: 1 | G56: =[1]요트장!K11 -> 3100 | H56: 1 | I56: =[1]요트장!K12 -> 8541 | J56: 1 | K56: =[1]요트장!K13 -> 2146 | L56: =[1]요트장!E14 -> 2 | M56: =[1]요트장!K14 -> 41507 | N56: 1 | O56: =[1]요트장!K17 -> 1400 | P56: =[1]요트장!E18 -> 5 | Q56: =[1]요트장!K18 -> 95800
A57: 20. 빙상장 | B57: =[1]빙상장!E19 -> 10 | C57: =[1]빙상장!H19 -> 1876585.6 | D57: =[1]빙상장!E30 -> 8 | E57: =[1]빙상장!H30 -> 512645 | F57: 1 | G57: =[1]빙상장!H39 -> 16568 | H57: 1 | I57: =[1]빙상장!H40 -> 30892 | J57: 1 | K57: =[1]빙상장!H41 -> 49520 | N57: =[1]빙상장!E42 -> 2 | O57: =[1]빙상장!H42 -> 96944 | P57: =[1]빙상장!E45 -> 3 | Q57: =[1]빙상장!H45 -> 19832
A58: 21. 설상경기장 | D58: 4 | E58: =[1]스키점프경기장!G6+[1]바이애슬론경기장!G6+[1]크로스컨트리경기장!G6+'[1]봅슬레이,루지,스켈레톤경기장'!G6 -> 462499.9
A59: 22. 파크골프장 | B59: =[1]파크골프장!E121 -> 46 | C59: =[1]파크골프장!G121 -> 683124.96 | D59: =[1]파크골프장!E168 -> 40 | E59: =[1]파크골프장!G168 -> 763005 | F59: =[1]파크골프장!E209 -> 21 | G59: =[1]파크골프장!G209 -> 591631 | H59: =[1]파크골프장!E231 -> 34 | I59: =[1]파크골프장!G231 -> 722563 | J59: =[1]파크골프장!E266 -> 25 | K59: =[1]파크골프장!G266 -> 598630 | L59: =[1]파크골프장!E292 -> 38 | M59: =[1]파크골프장!G292 -> 897431 | N59: =[1]파크골프장!E331 -> 66 | O59: =[1]파크골프장!G331 -> 1454558 | P59: 74 | Q59: ='22. 파크골프장'!G398 -> 1059232 | R59: =[1]파크골프장!E474 -> 10 | S59: =[1]파크골프장!G474 -> 220015
A60: 23. 기타시설 | B60: =B61+B62 -> 710 | C60: =C61+C62 -> 5903570.2 | D60: =D61+D62 -> 185 | E60: =E61+E62 -> 1790327.9 | F60: =F61+F62 -> 106 | G60: =G61+G62 -> 1294418.8 | H60: =H61+H62 -> 137 | I60: =I61+I62 -> 899370 | ... S60: =S61+S62 -> 140363
A61: - 풋살장 | B61: ='[1]기타 체육시설(풋살장)'!E135 -> 180 | C61: ='[1]기타 체육시설(풋살장)'!G135 -> 2090783.7 | D61: ='[1]기타 체육시설(풋살장)'!E316 -> 64 | E61: ='[1]기타 체육시설(풋살장)'!G316 -> 861366 | F61: ='[1]기타 체육시설(풋살장)'!E381 -> 20 | G61: ='[1]기타 체육시설(풋살장)'!G381 -> 246523 | H61: ='[1]기타 체육시설(풋살장)'!E402 -> 31 | I61: ='[1]기타 체육시설(풋살장)'!G402 -> 295887 | J61: ='[1]기타 체육시설(풋살장)'!E434 -> 39 | K61: ='[1]기타 체육시설(풋살장)'!G434 -> 820030 | L61: ='[1]기타 체육시설(풋살장)'!E474 -> 30 | M61: ='[1]기타 체육시설(풋살장)'!G474 -> 200222 | N61: ='[1]기타 체육시설(풋살장)'!E505 -> 70 | O61: ='[1]기타 체육시설(풋살장)'!G505 -> 180158 | P61: 69 | Q61: ='기타 체육시설(풋살장)'!G576 -> 308139 | R61: ='[1]기타 체육시설(풋살장)'!E647 -> 6 | S61: ='[1]기타 체육시설(풋살장)'!G647 -> 16007
A62: - 그외 | B62: ='[1]기타 체육시설(그외)'!E397 -> 530 | C62: ='[1]기타 체육시설(그외)'!G397 -> 3812786.5 | D62: ='[1]기타 체육시설(그외)'!E928 -> 121 | E62: ='[1]기타 체육시설(그외)'!G928 -> 928961.9 | F62: ='[1]기타 체육시설(그외)'!E1050 -> 86 | G62: ='[1]기타 체육시설(그외)'!G1050 -> 1047895.8 | H62: ='[1]기타 체육시설(그외)'!E1137 -> 106 | I62: ='[1]기타 체육시설(그외)'!G1137 -> 603483 | J62: ='[1]기타 체육시설(그외)'!E1244 -> 45 | K62: ='[1]기타 체육시설(그외)'!G1244 -> 1528489.4 | L62: ='[1]기타 체육시설(그외)'!E1290 -> 70 | M62: ='[1]기타 체육시설(그외)'!G1290 -> 2343830.6 | N62: ='[1]기타 체육시설(그외)'!E1361 -> 406 | O62: ='[1]기타 체육시설(그외)'!G1361 -> 775570.53 | P62: ='[1]기타 체육시설(그외)'!E1769 -> 281 | Q62: ='[1]기타 체육시설(그외)'!G1769 -> 814031 | R62: ='[1]기타 체육시설(그외)'!E2051 -> 18 | S62: ='[1]기타 체육시설(그외)'!G2051 -> 124356

Sheet 1.육상경기장
B1: 1. 육상경기장 | AI1: (단위 : ㎡, 백만원, 명)
A2: 일련번호 | B2: 시도 | C2: 시군구 | D2: 주소 | E2: 시설명 | F2: 소유기관 | G2: 운영조직 (연락처) | I2: 관리주체 | J2: 관리인원 | K2: 이용단체명 | L2: 부지면적 | M2: 건축면적 | N2: 연면적 | O2: 경기장 | W2: 관람석 | AA2: 국제규격 (O,X) | AB2: 준공 연도 | AC2: 건 설 사업비 | AJ2: 개보수연도 | AL2: 부대시설 | AR2: 부대운동시설 | BL2: 비고
H3: 홈페이지주소 | O3: 트랙 | T3: 필드 | W3: 좌석수 | X3: 수용인원 | Y3: 좌석형태 | Z3: 건축구조 | AJ3: 1차 | AK3: 2차 | AL3: 전광판 | AN3: 조명탑 | AQ3: 기타 | AR3: 종목1 | AW3: 종목2 | BB3: 종목3 | BG3: 종목4
O4: 바닥재료 | P4: 주로연장 | Q4: 주로폭(m) | R4: 주로수 | S4: 주로면적(㎡) | T4: 바닥재료 | U4: 폭(m) | V4: 길이(m) | AL4: 개소수 | AM4: 설치비 | AN4: 개소수 | AO4: 조도 | AP4: 설치비 | AR4: 종목 | AS4: 면수 | AT4: 면적 | AU4: 시설구성 | AV4: 관리운영 | AW4: 종목 | AX4: 면수 | AY4: 면적 | AZ4: 시설구성 | BA4: 관리운영 | BB4: 종목 | BC4: 면수 | BD4: 면적 | BE4: 시설구성 | BF4: 관리운영 | BG4: 종목 | BH4: 면수 | BI4: 면적 | BJ4: 시설구성 | BK4: 관리운영
B5: 전국 | C5: 계 | E5: =COUNTA(E7:E9,E11:E13,E15:E19,E21:E30,E32:E33,E35:E40,E42,E44:E83,E85:E117,E119:E135,E137:E153,E155:E168,E170:E198,E200:E221,E223:E254,E256:E270) -> 249 | G5: =COUNTA(G7:G9,G11:G13,G15:G19,G21:G30,G32:G33,G35:G40,G42,G44:G83,G85:G117,G119:G135,G137:G153,G155:G168,G170:G198,G200:G221,G223:G253,G255:G269) -> 193 | H5: =COUNTA(H7:H9,H11:H13,H15:H19,H21:H30,H32:H33,H35:H40,H42,H44:H83,H85:H117,H119:H135,H137:H153,H155:H168,H170:H198,H200:H221,H223:H253,H255:H269) -> 85 | J5: =COUNTA(J7:J9,J11:J13,J15:J19,J21:J30,J32:J33,J35:J40,J42,J44:J83,J85:J117,J119:J135,J137:J153,J155:J168,J170:J198,J200:J221,J223:J253,J255:J269) -> 148 | K5: =COUNTA(K7:K9,K11:K13,K15:K19,K21:K30,K32:K33,K35:K40,K42,K44:K83,K85:K117,K119:K135,K137:K153,K155:K168,K170:K198,K200:K221,K223:K253,K255:K269) -> 106 | L5: =SUM(L7:L9,L11:L13,L15:L19,L21:L30,L32:L33,L35:L40,L42,L44:L83,L85:L117,L119:L135,L137:L153,L155:L168,L170:L198,L200:L221,L223:L254,L256:L270) -> 20596790 | M5: =SUM(M7:M9,M11:M13,M15:M19,M21:M30,M32:M33,M35:M40,M42,M44:M83,M85:M117,M119:M135,M137:M153,M155:M168,M170:M198,M200:M221,M223:M254,M256:M270) -> 1692451.8 | N5: =SUM(N7:N9,N11:N13,N15:N19,N21:N30,N32:N33,N35:N40,N42,N44:N83,N85:N117,N119:N135,N137:N153,N155:N168,N170:N198,N200:N221,N223:N254,N256:N270) -> 2492971.1
B6: 서울 | C6: 소 계 | E6: =COUNTA(E7:E9) -> 3 | L6: =SUM(L7:L9) -> 249613 | M6: =SUM(M7:M9) -> 41874 | N6: =SUM(N7:N9) -> 124334
A7: 1 | C7: 양천구 | D7: 안양천길336 | E7: 목동운동장 | F7: 서울시 | G7: 서울시시설관리사업소 | H7: stadium.seoul.go.kr | I7: 체육시설관리사업소 | J7: 26 | L7: 49327 | M7: 5860 | N7: 22124 | O7: 우레탄 | P7: 400 | R7: 8 | T7: 인조잔디 | U7: 105 | V7: 68 | W7: 20236 | X7: 30000 | Y7: 의자식 | Z7: 철근콘크리트 | AB7: 1989 | AC7: 8111 | AI7: 8111 | AJ7: 1987-1989 | AL7: 전광판 | AN7: 조명탑수
A8: 2 | C8: 송파구 | D8: 잠실동10번지 | E8: 잠실주경기장 | F8: 서울시 | G8: 서울시시설관리사업소 | H8: stadium.seoul.go.kr | I8: 체육시설관리사업소 | J8: 7 | K8: 축구,육상,행사 | L8: 179386 | M8: 33957 | N8: 100151 | O8: 우레탄 | P8: 400 | R8: 8 | T8: 천연잔디 | U8: 105 | V8: 70 | W8: 69599 | X8: 100000 | Y8: 의자식 | Z8: 철근콘크리트 | AB8: 1984 | AC8: 47962 | AE8: 10002 | AI8: 47962 | AJ8: 1977-1984 | AL8: 전광판 | AN8: 조명탑 | BL8: 리모델링 공사 착공으로 운영 중단 및 2026년 12월경 재개관 예정
A9: 3 | C9: 송파구 | D9: 잠실동10번지 | E9: 잠실보조경기장 | F9: 서울시 | G9: 서울시시설관리사업소 | H9: stadium.seoul.go.kr | I9: 체육시설관리사업소 | J9: 2 | K9: 육상,행사 | L9: 20900 | M9: 2057 | N9: 2059 | O9: 우레탄 | P9: 400 | R9: 8 | T9: 천연잔디 | U9: 105 | V9: 68 | W9: 1809 | X9: 4000 | Y9: 계단식 | Z9: 철근콘크리트 | AB9: 1984 | AI9: 주경기장에 포함 | AJ9: 1977-1984 | AN9: 조명탑 | BL9: 리모델링 공사 착공으로 운영 중단 및 2026년 12월경 재개관 예정
B10: 부산 | C10: 소 계 | E10: =COUNTA(E11:E13) -> 3 | L10: =SUM(L11:L13) -> 144597 | M10: =SUM(M11:M13) -> 67787 | N10: =SUM(N11:N13) -> 107462
A11: 1 | C11: 연제구 | D11: 거제2동 1300 | E11: 부산아시아드 주경기장 | F11: 부산시 | G11: 체육시설관리사업소 종합운동장 (051-504-8001) | H11: www.stadium.busan.kr | I11: 체육시설관리사업소 | J11: 119 | K11: 부산아이콘스 | L11: 89055 | M11: 54930 | N11: 92707 | O11: 우레탄 | P11: 400 | Q11: 1.2 | R11: 8 | T11: 천연잔디 | U11: 75.28 | V11: 109 | W11: 53769 | X11: 80000 | Y11: 의자식 | Z11: 철근콘크리트 | AB11: 2001 | AD11: 158948 | AE11: 68000 | AI11: 226948 | AL11: 2(20.48＊8.96) | AM11: 6170 | AN11: 2 | AO11: 3096 | AP11: 528 | AQ11: 탈의실, 샤워실, 매점
A12: 2 | C12: 연제구 | D12: 거제2동 1300 | E12: 부산아시아드 보조경기장 | F12: 부산시 | G12: 체육시설관리사업소 종합운동장 (051-504-8001) | H12: www.stadium.busan.kr | I12: 체육시설관리사업소 | K12: 부산아이콘스 | L12: 25043 | M12: 0 | N12: 1408 | O12: 우레탄 | P12: 400 | Q12: 1.2 | R12: 8 | T12: 천연잔디 | U12: 75.28 | V12: 109 | W12: 4549 | X12: 15000 | Y12: 의자식 | Z12: 철근콘크리트 | AB12: 2001 | AI12: 주경기장에 포함 | AN12: 2 | AO12: 2000 | AP12: 196
A13: 3 | C13: 서구 | E13: 구덕종합운동장 주경기장 | F13: 부산시 | G13: 체육시설관리사업소 구덕운동장 (051-247-5771) | H13: www.stadium.busan.kr | I13: 체육시설관리사업소 | J13: 35 | L13: 30499 | M13: 12857 | N13: 13347 | O13: 우레탄 | P13: 400 | R13: 8 | T13: 천연잔디 | U13: 72 | V13: 109 | W13: 12349 | X13: 12349 | Y13: 의자식 | Z13: 철근콘크리트 | AB13: 1973 | AD13: 5888 | AI13: 1828 | AJ13: 2000 | AK13: 2001 | AL13: 1(20.31＊8.13) | AM13: 2823 | AN13: 5 | AO13: 1400 | AP13: 경기장 건립시 설치 | AR13: 넓이뛰기 | AS13: 1 | AW13: 투포환 | AX13: 1
B14: 대구 | C14: 소 계 | E14: =COUNTA(E15:E19) -> 5 | L14: =SUM(L15:L19) -> 708147 | M14: =SUM(M15:M19) -> 89737 | N14: =SUM(N15:N19) -> 163425
A15: 1 | C15: 동 구 | E15: 율하체육공원 운동장 | F15: 대구시 | I15: 동구 체육진흥과 (직영) | L15: 24128 | O15: 우레탄 | P15: 400 | R15: 8 | T15: 인조잔디 | U15: 68 | V15: 105 | W15: 880 | X15: 990 | AB15: 2009 | AI15: 1373
C16: 수성구 | D16: 대흥동 504 | E16: 대구스타디움 | F16: 대구시 | G16: 대구시체육시설관리사무소 | H16: http://sports.daegu.go.kr | I16: 체육시설관리부 | J16: 45 | K16: 대구FC프로축구팀 | L16: 467779 | M16: 45939 | N16: 140995 | O16: 롤시트 | P16: 400 | R16: 8 | T16: 천연잔디 | U16: 72 | V16: 109 | W16: 66422 | X16: 100000 | Y16: 의자식 | Z16: 철근콘크리트 | AB16: 2001 | AD16: 211,490백만원 | AE16: 72,110백만원 | AI16: 283600 | BL16: 바닥재 변경
C17: 수성구 | E17: 대구스타디움 보조경기장 | F17: 대구시 | I17: 체육시설관리부 | L17: 44700 | M17: 1467 | N17: 853 | O17: 롤시트 | P17: 400 | R17: 8 | T17: 천연잔디 | U17: 72 | V17: 109 | W17: 2500 | X17: 3000 | AB17: 2001 | AI17: 주경기장에 포함 | AL17: 1 | AM17: 7,100백만원 | AN17: 1 | AO17: 1,800∼2,200lux | BL17: 바닥재 변경
A18: 2 | C18: 달성군 | E18: 달성종합스포츠파크 주경기장 | F18: 달성군 | I18: 달성군시설관리공단 | L18: 144500 | M18: 28900 | O18: 우레탄 | P18: 400 | R18: 8 | T18: 인조잔디 | U18: 65 | V18: 105 | W18: 8758 | AB18: 2014 | AI18: 53600
C19: 수성구 | E19: 육상진흥센터 | F19: 대구시 | I19: 체육시설관리부 | L19: 27040 | M19: 13431 | N19: 21577 | O19: 우레탄 | P19: 200 | R19: 6 | T19: 우레탄 | U19: 34 | V19: 79 | W19: 5000 | X19: 7500 | AB19: 2013 | AI19: 72451
B20: 인천 | C20: 소 계 | E20: =COUNTA(E21:E30) -> 10 | L20: =SUM(L21:L30) -> 1305232 | M20: =SUM(M21:M30) -> 114543.55 | N20: =SUM(N21:N30) -> 215683.07
A21: 1 | C21: 미추홀구 | E21: 문학경기장 | F21: 인천시 | I21: 주식회사 신세계야구단 | L21: 432035 | M21: 34355 | N21: 95226 | O21: 우레탄 | P21: 400 | R21: 8 | S21: 330518 | T21: 천연잔디 | U21: 71 | V21: 106 | W21: 49084 | X21: 50500 | Y21: 50256 | Z21: 의자식 | AB21: 2002 | AC21: 2002 | AE21: 47400 | AG21: 41800 | AH21: 36000 | AI21: 330518 | AJ21: 125200 | AM21: 1 | AN21: 5500 | AO21: 2 | AP21: 2300lux | AQ21: 4600 | AS21: 인공암장 | AU21: 102.49 | AW21: 유스센터
C22: 미추홀구 | E22: 문학보조경기장 | F22: 인천시 | I22: 주식회사 신세계야구단 | M22: 1009 | N22: 1539 | O22: 우레탄 | P22: 400 | R22: 8 | S22: 주경기장에 포함 | T22: 천연잔디 | U22: 71 | V22: 106 | X22: 5000 | AB22: 2002 | AI22: 주경기장에 포함
C23: 서구 | D23: 연희동 봉수대로 806 | E23: 인천아시아드주경기장 | F23: 인천시 | G23: 인천시설공단(032-456-2100) | I23: 인천시설공단 | J23: 44 | L23: 631975 | M23: 74102 | N23: 113470 | O23: 우레탄 | P23: 400 | R23: 8 | S23: 467200 | T23: 천연잔디 | U23: 68 | V23: 105 | W23: 29376 | AB23: 2014 | AI23: 467200
C24: 서구 | D24: 연희동 봉수대로 806 | E24: 인천아시아드 보조경기장 | F24: 인천시 | G24: 인천시설공단(032-456-2100) | I24: 인천시설공단 | J24: 44 | N24: 193 | O24: 우레탄 | P24: 400 | R24: 8 | T24: 천연잔디 | U24: 68 | V24: 105 | W24: 5034 | AB24: 2014 | BL24: 주 경기장에 포함
C25: 옹진군 | E25: 북도면 종합운동장 | F25: 옹진군 | I25: 옹진군 | L25: 27910 | M25: 632.55 | N25: 809.71 | O25: 우레탄 | S25: 4199 | T25: 인조잔디 | U25: 68 | V25: 105 | W25: 900 | X25: 900 | AB25: 2009 | AI25: 4199 | BL25: 육상트랙, 축구장, 족구장, 게이트볼장, 다목적구장
C26: 옹진군 | E26: 연평면 종합운동장 | F26: 옹진군 | I26: 옹진군 | L26: 16359 | M26: 849 | N26: 849 | O26: 우레탄 | S26: 3050 | T26: 인조잔디 | U26: 64 | V26: 100 | W26: 840 | X26: 840 | AB26: 2010 | AI26: 3050 | BL26: 육상트랙, 축구장, 농구장, 다목적구장
C27: 옹진군 | E27: 백령면 종합운동장 | F27: 옹진군 | I27: 옹진군 | L27: 37388 | M27: 867 | N27: 867.36 | O27: 우레탄 | P27: 400 | R27: 7 | S27: 3464 | T27: 인조잔디 | U27: 56 | V27: 120 | W27: 900 | X27: 900 | AB27: 2010 | AI27: 3464 | BL27: 육상트랙, 축구장, 농구장, 씨름장, 다목적구장
C28: 옹진군 | E28: 대청면 답동 종합운동장 | F28: 옹진군 | I28: 옹진군 | L28: 12018 | M28: 592 | N28: 592 | O28: 우레탄 | P28: 400 | R28: 3 | S28: 2442 | T28: 인조잔디 | U28: 56 | V28: 120 | W28: 810 | X28: 810 | Y28: 5000 | AB28: 2012 | AC28: 2002 | AI28: 2442 | AJ28: 주경기장에포함 | BL28: 육상트랙, 축구장, 농구장, 다목적구장
C29: 옹진군 | E29: 덕적면 종합운동장 | F29: 옹진군 | I29: 옹진군 | L29: 17000 | M29: 922 | N29: 922 | O29: 우레탄 | S29: 2510 | T29: 인조잔디 | U29: 65 | V29: 100 | W29: 950 | X29: 950 | AB29: 2011 | AI29: 2510 | BL29: 육상트랙, 축구장, 테니스장, 족구장
C30: 옹진군 | E30: 영흥면 종합운동장 | F30: 옹진군 | I30: 옹진군 | L30: 130547 | M30: 1215 | N30: 1215 | O30: 우레탄 | S30: 7900 | T30: 인조잔디 | U30: 68 | V30: 105 | W30: 1100 | X30: 1100 | AB30: 2013 | AI30: 7900 | BL30: 육상트랙, 축구장, 테니스장, 다목적구장
B31: 광주 | C31: 소 계 | E31: =COUNTA(E32:E33) -> 2 | L31: =SUM(L32:L33) -> 470278 | M31: =SUM(M32:M33) -> 20509.51 | N31: =SUM(N32:N33) -> 69664.3
C32: 서구 | D32: 서구 금화로 278 | E32: 광주월드컵경기장 주경기장 | F32: 광주시 | G32: 광주시체육회(062-604-2614) | I32: 위탁 (광주시체육회) | L32: 470278 | M32: 20509.51 | N32: 69459.3 | O32: 우레탄 | P32: 400 | Q32: 8 | R32: 8 | S32: 68 | T32: 천연잔디 | U32: 68 | V32: 105 | W32: 39655 | X32: 39655 | Y32: 2002 | Z32: 158788 | AB32: 2002 | AI32: 158788
C33: 서구 | D33: 서구 금화로 278 | E33: 광주월드컵경기장 보조경기장 | F33: 광주시 | G33: 광주시민프로축구단(062-373-7733) | I33: 위탁 (광주시민프로축구단) | L33: 주경기장에 포함 | M33: 주경기장포함 | N33: 205 | O33: 우레탄 | P33: 400 | Q33: 8 | R33: 8 | T33: 천연잔디 | U33: 68 | V33: 105 | W33: 831 | X33: 831 | AB33: 2002 | AI33: 주경기장에 포함 | BL33: 부지, 건축면적은 주경기장에 포함
B34: 울산 | C34: 소 계 | E34: =COUNTA(E35:E40) -> 6 | L34: =SUM(L35:L40) -> 319484 | M34: =SUM(M35:M40) -> 23941 | N34: =SUM(N35:N40) -> 38771
A35: 1 | C35: 중구 | D35: 중구 염포로 55 | E35: 울산종합운동장 | F35: 울산시 | G35: 울산시설공단(052-290-7200) | I35: 울산시설공단 | J35: 36 | L35: 113602 | M35: 22506 | N35: 37120 | O35: 우레탄 | P35: 400 | R35: 8 | T35: 천연잔디 | U35: 75 | V35: 105 | W35: 19431 | X35: 19431 | AA35: O | AB35: 2005 | AC35: 75590 | AI35: 75590 | AL35: 1(30.6m×13.14m) | AM35: 1,988백만 | AN35: 1 | AO35: 2,500LUX | AP35: 경기장 건립시 설치 | BL35: 축구장포함
C36: 중구 | D36: 중구 염포로 55 | E36: 울산종합운동장 보조조경기장 | F36: 울산시 | G36: 울산시설공단(052-290-7200) | I36: 울산시설공단 | J36: 36 | L36: 주경기장에포함 | M36: 690 | N36: 690 | O36: 우레탄 | P36: 400 | R36: 4 | T36: 인조잔디 | U36: 68 | V36: 115 | W36: 994 | X36: 994 | AB36: 2005 | AI36: 주경기장에 포함 | AN36: 1 | AO36: 1,000LUX | AP36: 경기장 건립시 설치 | BL36: 부지면적은 주경기장에 포함(축구장포함)
C37: 북구 | D37: 북구 호수중앙로 14 | E37: 농소운동장 | F37: 북구 | H37: bukgu.ulsan.kr | I37: 북구시설관리공단 | J37: 4 | L37: 44131 | M37: 68 | N37: 68 | O37: 우레탄 | P37: 400 | Q37: 1.2 | R37: 8 | S37: 4613 | T37: 인조잔디 | U37: 68 | V37: 105 | W37: 1350 | X37: 1350 | Y37: 원목 | Z37: 원목 | AB37: 2002 | AC37: 998 | AD37: 2983 | AE37: 300 | AF37: 0 | AG37: 0 | AH37: 0 | AI37: 4281 | BL37: 축구장포함
C38: 북구 | D38: 북구 농서로 301 | E38: 달천운동장 | F38: 북구 | I38: 북구시설관리공단 | L38: 21126 | M38: 90 | N38: 90 | O38: 우레탄 | P38: 370 | R38: 3 | T38: 인조잔디 | U38: 64 | V38: 105 | W38: 550 | X38: 550 | AB38: 2010 | AI38: 6323 | BL38: 축구장, 육상트랙, 인라인 스케이트장, 다목적구장 등
C39: 울주군 | D39: 울주군 노석골길 96 | E39: 간절곶스포츠파크운동장 | F39: 울주군 | G39: 울주군시설관리공단(052-229-9800) | I39: 울주군시설관리공단 | L39: 83544 | M39: 587 | N39: 668 | O39: 우레탄 | P39: 400 | R39: 8 | T39: 천연잔디 인조잔디 | U39: 68 64 | V39: 105 100 | W39: 4890 | X39: 4890 | AB39: 2007 | AI39: 21260 | BL39: 축구장 3면, 풋살경기장 1면, 육상트랙
C40: 울주군 | D40: 울주군 외고산옹기길 154 | E40: 온양체육공원운동장 | F40: 울주군 | G40: 울주군시설관리공단(052-229-9820) | I40: 울주군시설관리공단 | L40: 57081 | M40: 0 | N40: 135 | O40: 우레탄 | P40: 400 | R40: 4 | T40: 인조잔디 | U40: 67 | V40: 107 | W40: 0 | X40: 1500 | AB40: 2009 | AI40: 9798 | BL40: 축구장 1면, 풋살경기장 1면, 족구장 2면, 농구장, 육상트랙
B41: 세종 | C41: 소 계 | E41: =COUNTA(E42) -> 1 | L41: =SUM(L42) -> 400 | M41: =SUM(M42) -> 0 | N41: =SUM(N42) -> 400
C42: 세종시 | D42: 시민운동장 | E42: 세종시 | F42: 세종시설관리공단(044-850-4277) | G42: 시설관리사업소 | H42: 13 | J42: 100930 | L42: 400 | M42: 탄성포장재 | N42: 400 | P42: 8 | R42: 천연잔디 | S42: 68 | T42: 105 | U42: 996 | V42: 996 | X42: 철근콘크리트 | Z42: 2022 | AA42: 주경기장(천연잔디), 보조경기장(인조잔디)
B43: 경기 | C43: 소 계 | E43: =COUNTA(E44:E83) -> 40 | L43: =SUM(L44:L83) -> 4366820.9 | M43: =SUM(M44:M83) -> 367535.89 | N43: =SUM(N44:N83) -> 616163.47 | Q43: 69.35 | S43: 94070 | Y43: 0 | Z43: 0 | AC43: 1816777200 | AD43: 213694453 | AE43: 640823936 | AF43: 0 | AG43: 2000 | AH43: 7677
A44: 1 | C44: 수원시 | D44: 경기도 수원시 조원동 775 | E44: 수원종합운동장 주경기장 | F44: 수원시 | G44: 수원도시공사 (240-2700) | H44: stadium.suwon.ne.kr | I44: 위탁 (수원도시공사) | J44: 26 | K44: 수원FC, 수원FC 위민 축구단 | L44: 37531 | M44: 9710 | N44: 17063 | O44: 우레탄 | P44: 400 | Q44: 1.2 | R44: 8 | T44: 천연잔디 | U44: 70 | V44: 105 | W44: 11808 | X44: 15000 | Y44: 의자식 | Z44: 철근콘크리트 | AB44: 1986 | AC44: 2510 | AD44: 3346 | AE44: 2510 | AI44: 8366 | AL44: 2 | AN44: 4 | AO44: lux
C45: 용인시 | D45: 경기도 용인시 수지구 포은대로 499 | E45: 수지레스피아 육상경기장 | F45: 용인시 | G45: 용인도시공사 (263-6581) | I45: 용인도시공사 | L45: 120016 | M45: 12313.27 | N45: 84512.05 | O45: 우레탄 | P45: 400 | Q45: 1.2 | R45: 8 | S45: 3840 | T45: 우레탄 | U45: 70 | V45: 105 | W45: L90m, 600*4단 | X45: 800 | Y45: 계단식 | Z45: 철근콘크리트 | AB45: 2012 | BL45: 테니스장4면, 농구장1면, 게이트볼장2면
C46: 용인시 | D46: 경기도 용인시 삼가동 28-6 | E46: 용인미르스타디움 | F46: 용인시 | G46: 용인도시공사 (329-8600) | H46: www.yonginsisul.or.kr | I46: 용인도시공사 | J46: 2 | K46: 용인시육상직장경기부 | L46: 206123 | M46: 31943 | N46: 73175 | O46: 우레탄 | P46: 400 | Q46: 1.2 | R46: 8 | S46: 3840 | T46: 천연잔디 | U46: 68 | V46: 105 | W46: 37155 | X46: 37155 | Y46: 의자식 | Z46: 철근콘크리트 | AB46: 2018 | AC46: 2465 | AD46: 1800 | AE46: 600 | AI46: 321800 | AL46: - | AR46: 배구 | AS46: 1 | AT46: 80 | AU46: - | AV46: 용인시시설관리공단(329-3401)
C47: 고양시 | D47: 경기도 고양시 대화동 2320번지 | E47: 고양종합운동장 | F47: 고양시 | G47: 고양도시관리공사 (929-4800) | I47: 고양도시관리공사 | L47: 305350 | M47: 25569 | N47: 59689 | O47: 우레탄 | P47: 400 | Q47: 1.25 | R47: 8 | S47: 4000 | T47: 천연잔디 | U47: 68 | V47: 105 | W47: 43000 | X47: 43000 | Y47: 의자식 | Z47: 철근콘크리트 | AB47: 2003 | AC47: 108903 | AD47: 4500 | AE47: 994 | AI47: 114397 | AL47: 2 | AN47: 6 | AR47: 축구장 | AS47: 2 | AT47: 7140
C48: 고양시 | D48: 경기도 고양시 대화동 2320번지 | E48: 고양종합운동장 보조경기장 | F48: 고양시 | G48: 고양도시관리공사 (929-4800) | I48: 고양도시관리공사 | L48: 305350 | M48: 675.25 | N48: 463 | O48: 우레탄 | P48: 400 | Q48: 1.25 | R48: 8 | S48: 4000 | T48: 천연잔디 | U48: 68 | V48: 105 | W48: 1000 | X48: 1000 | Y48: 의자식 | Z48: 철근콘크리트 | AB48: 2003 | BL48: 부지 및 사업비는 고양종합운동장 포함
C49: 고양시 | D49: 경기도 고양시 성사동 826 | E49: 덕양 별무리경기장 | F49: 고양시 | G49: 고양도시관리공사 (960-0317) | I49: 고양도시관리공사 | J49: 1 | L49: 164242 | M49: 1077 | N49: 1360 | O49: 천연탄성고무 | P49: 400 | Q49: 10 | R49: 8 | T49: 인조잔디 | U49: 64 | V49: 101 | W49: 2425 | X49: 2425 | Y49: 의자식 | Z49: 철근콘크리트 | AB49: 2004 | AI49: 5000 | AR49: 인조잔디축구장 | AS49: 1 | AV49: 체육문화2처 고객지원팀 (960-0317) | AW49: 육상 | AZ49: 육상트랙 | BA49: 체육문화2처 고객지원팀 (960-0317)
A50: 2 | C50: 성남시 | D50: 경기도 성남시 성남동 3110번지 | E50: 성남종합운동장 | F50: 성남시 | G50: 성남도시개발공사 (031-739-5215) | H50: cans21.net | I50: 성남도시개발공사 | J50: 3 | L50: 101864 | M50: 5929 | N50: 7023 | O50: 우레탄 | P50: 400 | Q50: 1.2 | R50: 8 | S50: 11992 | T50: 천연잔디 | U50: 72 | V50: 111 | W50: 21149 | X50: 27000 | Y50: 의자식 | Z50: 철근콘크리트 | AB50: 1984 | AC50: 108903 | AD50: 4500 | AE50: 994 | AI50: 2501 | AJ50: 0 | AL50: 1 | AM50: 1324 | AN50: 5 | AO50: 1200
A51: 3 | C51: 성남시 | D51: 경기도 성남시 야탑동 486번지 | E51: 탄천종합운동장 | F51: 성남시 | G51: 성남도시개발공사 (031-725-7196) | H51: http//simc.or.kr | I51: 성남도시개발공사 | J51: 4 | L51: 117141 | M51: 18422 | N51: 37163 | O51: 우레탄 | P51: 400 | Q51: 1.25 | R51: 8 | S51: 11848 | T51: 천연잔디 | U51: 72 | V51: 109 | W51: 16879 | X51: 20000 | Y51: 의자식 | Z51: 철근콘크리트 | AB51: 2001 | AC51: 108903 | AD51: 4500 | AE51: 994 | AI51: 108800 | AL51: 1 | AM51: 12 | AN51: 4 | AO51: 500 | AP51: 14.6
A52: 4 | C52: 화성시 | D52: 경기도 화성시 향남읍 향남로 470 | E52: 화성종합경기타운 주경기장 | F52: 화성시 | G52: 화성도시공사(031-371-0048) | I52: 화성도시공사 | J52: 285097 | K52: 화성시민 | L52: 285097 | M52: 54020.59 | N52: 65076.55 | O52: 몬도트랙 | P52: 400 | Q52: 8 | R52: 8 | T52: 천연잔디 | U52: 68 | V52: 105 | W52: 35270 | X52: 35270 | AB52: 2011 | AI52: 169359
C53: 화성시 | D53: 경기도 화성시 향남읍 향남로 470 | E53: 화성종합경기타운 보조경기장 | F53: 화성시 | G53: 화성도시공사(031-371-0048) | I53: 화성도시공사 | K53: 화성시민 | M53: 1499.92 | N53: 1712.57 | O53: 몬도트랙 | P53: 400 | Q53: 8 | R53: 8 | T53: 천연잔디 | U53: 68 | V53: 105 | W53: 2002 | X53: 2002 | AB53: 2011 | BL53: 부지면적, 사업비는 화성종합 경기타운 주경기장 포함
C54: 부천시 | D54: 경기도 부천시 춘의동8번지일원 | E54: 부천종합운동장 | F54: 부천시 | G54: 부천도시공사 (340-0870) | I54: 부천도시공사 | J54: 19 | K54: 부천FC | L54: 584294 | M54: 53145.23 | N54: 62476 | O54: 몬도 | P54: 400 | Q54: 1.2 | R54: 8 | S54: 13110 | T54: 천연잔디 | U54: 82 | V54: 100 | W54: 35000 | X54: 35000 | Y54: 의자식 | Z54: RC및SRC | AB54: 2001 | AC54: 108903 | AD54: 4500 | AE54: 994 | AI54: 118709 | AL54: 1 | AN54: 4 | AO54: 1500lux | AW54: 보조경기장 | AX54: 1 | AY54: 10662 | BA54: 부천시설관리공단 | BL54: 보조경기장
A55: 7 | C55: 남양주시 | D55: 경기도 남양주시 이패동 산87 | E55: 남양주시 종합운동장 보조경기장 | F55: 남양주시 | G55: 남양주시 | I55: 남양주 도시공사 | J55: 5 | K55: 일반 동호회 | L55: 22911 | M55: 528 | N55: 576 | O55: 몬도 | P55: 400 | Q55: 1.2 | R55: 8 | S55: 3840 | T55: 인조잔디 | U55: 68 | V55: 105 | W55: 2901 | X55: 7000 | Y55: 의자식,토성잔디 | Z55: 철근콘크리트 | AB55: 2003 | AC55: 108903 | AD55: 4500 | AE55: 994 | AI55: 20000 | AL55: 0 | AM55: 0 | AN55: 4 | AO55: 640lux | AP55: 700 | AR55: 테니스장 | AS55: 4 | AT55: 3985 | AU55: 크레이, 218석(계단식),조명탑12,관리실 | AV55: 남양주시
C56: 안산시 | D56: 경기도 안산시 단원구 화랑로 260 | E56: 와~스타디움 | F56: 안산시 | G56: 체육운영부(481-1735) | I56: 위탁 안산도시공사 | L56: 168437 | M56: 22223 | N56: 53692 | O56: 우레탄 | P56: 400 | Q56: 1.2 | R56: 8 | S56: 3840 | T56: 천연잔디 | U56: 68 | V56: 105 | W56: 35008 | X56: 35008 | Y56: 의자식 | Z56: 철근콘크리트 | AB56: 2006 | AI56: 112800 | BL56: 주경기장 보조경기장
C57: 평택시 | D57: 경기도 평택시 평남로 616 | E57: 소사벌레포츠타운 종합운동장 | F57: 평택시 | G57: 평택시 체육진흥과 체육시설운영팀 (031-8024-3391) | H57: www.pyongta.go.kr | I57: 평택시(체육진흥과) | J57: 8 | K57: 시민, 육상연맹 등 | L57: 18037 | M57: 3465 | N57: 3465 | O57: 우레탄 | P57: 400 | Q57: 1.2 | R57: 8 | S57: 3840 | T57: 천연잔디 | U57: 68 | V57: 105 | W57: 12738 | X57: 15000 | Y57: 의자식 | Z57: 철근콘크리트 | AB57: 1987 | AD57: 1733 | AE57: 1300 | AH57: 3033 | AI57: 2928 | BL57: 기타시설:축구장
C58: 평택시 | D58: 경기도 평택시 청북면 후사리 265-1 | E58: 평택 서부 공설운동장 | F58: 평택시 | G58: 평택시 안중출장소 사회복지과 문화체육팀 (031-8024-8242) | H58: www.pyongta.go.kr | I58: 평택시(안출 지역경제과) | J58: 8 | K58: 시민 등 | L58: 12248 | M58: 2614 | N58: 1852 | O58: 토사 | P58: 400 | Q58: 1.2 | R58: 8 | S58: 3840 | T58: 천연잔디 | U58: 68 | V58: 105 | W58: 10000 | X58: 12000 | Y58: 의자식 | Z58: 철근콘크리트 | AB58: 1996 | AD58: 4164 | AE58: 480 | AH58: 4644 | AI58: 4664 | BL58: 기타시설:축구장
C59: 안양시 | D59: 경기도 안양시 비산3동 1023번지 | E59: 안양종합운동장 주경기장 | F59: 안양시 | G59: 시설관리공단(389-5215) | H59: http://www.ansi.or.kr | I59: 안양도시공사 | J59: 29 | K59: 市소속육상선수, LG축구단 | L59: 80773 | M59: 14709 | N59: 30205 | O59: 우레탄 | P59: 400 | Q59: 1.25 | R59: 8 | S59: 19040 | T59: 천연잔디 | U59: 75 | V59: 105 | W59: 17143 | X59: 25000 | Y59: 의자식 | Z59: 철근콘크리트 | AB59: 1986 | AC59: 2510 | AD59: 3346 | AE59: 2510 | AI59: 11105 | AL59: 1개소(L=12.35m, B=6.45m) | AM59: 1267 | AN59: 4 | AO59: 1,500lux | AP59: 1299
C60: 시흥시 | D60: 경기도 시흥시 정왕동 2160번지 | E60: 정왕동 육상경기장 | F60: 시흥시 | G60: 시흥도시공사 생활체육팀 (031-8084-0140) | H60: http://www.gunpo21.net/ | I60: 시흥도시공사 | J60: 4 | K60: 시흥시민, 시흥시청 육상부 | L60: 15600 | M60: 7860 | O60: 우레탄 | P60: 400 | Q60: 1.2 | R60: 6 | S60: 584㎡ | T60: 인조잔디 | U60: 68 | V60: 105 | W60: 1000 | X60: 1000 | Y60: 의자식 | Z60: 철근콘크리트 | AB60: 2007 | AC60: 907800000 | AD60: 106800000 | AE60: 320400000 | AI60: 2554 | AR60: 멀리뛰기장 | AS60: 1 | AT60: 216㎡ | AU60: 우레탄 | AV60: 개방
C61: 시흥시 | D61: 경기도 시흥시 정왕동 2138번지 | E61: 옥구공원 걷기 트랙 | F61: 시흥시 | G61: 시흥시 체육진흥과 체육시설운영팀 (031-310-3159) | I61: 시흥시 | L61: 11581 | M61: - | N61: - | O61: 우레탄 | P61: 400 | R61: 4 | T61: 인조잔디 | U61: 60 | V61: 100 | W61: - | X61: - | AB61: 2004 | AI61: 120
C62: 김포시 | D62: 경기도 김포시 사우동 290 | E62: 김포시 종합운동장 | F62: 김포시 | G62: 김포시도시관리공사 | H62: gimposisul.or.kr/ | I62: 위탁 (김포도시공사) | J62: 3 | L62: 32573 | M62: 3502 | N62: 3818 | O62: 쳔연탄성고무 | P62: 400 | Q62: 1.2 | R62: 8 | T62: 인조잔디 | U62: 68 | V62: 105 | W62: 5068 | X62: 10000 | Y62: 계단식 | Z62: 철근콘크리트 | AB62: 1993 | AC62: 108903 | AD62: 4500 | AE62: 994 | AI62: 4595 | AJ62: 1990 | AK62: 1993 | AR62: 테니스장 | AS62: 2 | AT62: 1845 | AU62: 조명탑4,관리실 | AV62: 금파테니스클럽 | BL62: 테니스장 3면
C63: 파주시 | D63: 경기도 파주시 중앙로 160 | E63: 파주스타디움 (공설운동장) | F63: 파주시 | G63: 파주시청 체육과 시설운영팀 (031-940-5235) | I63: 파주시 | L63: 158101 | M63: 16701 | N63: 23423 | O63: 몬도 | P63: 400 | R63: 8 | T63: 천연잔디 | U63: 68 | V63: 105 | W63: 23000 | X63: 25000 | AB63: 2004 | AI63: 72748 | BL63: 테니스장5면 궁도장 1면 등
C64: 파주시 | D64: 경기도 파주시 중앙로 160 | E64: 파주스타디움 (보조경기장) | F64: 파주시 | G64: 파주시청 체육과 시설운영팀 (031-940-5235) | I64: 파주시 | L64: 35607 | O64: 몬도 | P64: 140 | R64: 6 | T64: 인조잔디 | U64: 68 | V64: 105 | W64: 696 | X64: 696 | AB64: 2006 | AI64: 2798
A65: 8 | C65: 파주시 | D65: 경기도 파주시 와석순환로172번길 35 | E65: 운정건강공원 | F65: 파주시 | G65: 파주시청 체육과 시설운영팀 (031-940-5235) | I65: 파주시 | L65: 142200.9 | O65: 탄성고무 | P65: 400 | R65: 6 | T65: 인조잔디 | U65: 70 | V65: 104 | AB65: 2014
C66: 의정부시 | D66: 경기도 의정부시 체육로90 | E66: 의정부종합운동장 주경기장 | F66: 의정부시 | G66: 체육시설관리사무소 (828-4621) | H66: http://www.ui4u.net/city/html/ division/division08_02.html | I66: 의정부시도시공사 | J66: 12 | L66: 116475 | M66: 32214 | N66: 31125 | O66: 우레탄 | P66: 400 | Q66: 1.2 | R66: 8 | S66: 3200 | T66: 천연잔디 | U66: 71 | V66: 105 | W66: 28000 | X66: 30000 | Y66: 의자식 | Z66: R.C조 | AB66: 2002 | AC66: 49000 | AD66: 22406 | AE66: 3994 | AG66: 2000 | AI66: 77400 | AL66: 1(L:10.24m, H:7.68m) | AM66: 800000000 | AN66: 4 | AO66: 800lux | BL66: 경기장면적 11,455㎡
C67: 광주시 | D67: 경기도 광주시 경안동 123-4 | E67: 광주시 공설운동장 | F67: 광주시 | G67: 광주시 | I67: 위탁(광주도시관리공사) | J67: 2 | K67: 광주시민 | L67: 31667 | O67: 몬도 | P67: 400 | Q67: 1.2 | R67: 5 | T67: 인조잔디 | U67: 64 | V67: 104 | W67: 10000 | X67: 10000 | Y67: 계단식 | Z67: 철근콘크리트 | AB67: 2006 | AC67: 108903 | AD67: 4500 | AE67: 994 | AI67: 1600 | AR67: 테니스 | AS67: 4 | AT67: 396 | AU67: 테니스장 | AV67: 광주시테니스협회 | AW67: 배드민턴 | AX67: 3 | AY67: 160 | AZ67: 배드민턴장 | BA67: 광주시배드민턴협회 | BB67: 게이트볼 | BC67: 1 | BD67: 300 | BE67: 게이트볼장 | BF67: 광주시게이트볼협회 | BL67: 테니스장 4, 배드민턴장 3, 게이트볼장 1
A68: 16 | C68: 광명시 | D68: 경기도 광명시 노온사동 2-1번지 | E68: 노온정수장 다목적운동장 | F68: 광명시 | G68: 광명도시공사(02-2610-7375) | I68: 광명도시공사 | L68: 34010 | O68: 몬도 | P68: 400 | R68: 8 | T68: 인조잔디 | U68: 68 | V68: 105 | W68: 1000 | X68: 1000 | AB68: 2010 | AI68: 5815
A69: 17 | C69: 하남시 | D69: 경기도 하남시 아리수로 600 | E69: 하남종합운동장 주경기장 | F69: 하남시 | G69: 시설관리공단 | H69: osan.go.kr | I69: 하남도시공사 | J69: 4 | L69: 28587 | M69: 2219 | N69: 4303 | O69: 천연탄성고무 | P69: 400 | R69: 8 | T69: 인조잔디 | U69: 68 | V69: 105 | W69: 12057 | X69: 12057 | AB69: 2007 | AI69: 57181
A70: 18 | C70: 군포시 | D70: 경기도 군포시 금정동 871번지 | E70: 시민체육광장 운동장 | F70: 군포시 | G70: 군포도시공사 | H70: http://www.gunpo21.net/ | I70: 군포도시공사 | J70: 4 | K70: 군포시민,군포시청 육상부 | L70: 81985 | O70: 우레탄 | P70: 400 | Q70: 8 | R70: 인조잔디 | S70: 70 | T70: 105 | U70: 70 | V70: 105 | W70: 1248 | X70: 1300 | Y70: 의자식 | Z70: 철근콘크리트 | AB70: 2003 | AC70: 907800000 | AD70: 106800000 | AE70: 320400000 | AI70: 2084 | AR70: 멀리뛰기장 | AS70: 1 | AT70: 216㎡ | AU70: 우레탄 | AV70: 개방 | BL70: 부대시설, 다목적구장, 족구장 1면 포함(테니스장, 롤러스케이트장, 구기체육관은 별도 현황으로 기재)
C71: 군포시 | D71: 경기도 군포시 부곡동 1226 | E71: 복합생활스포츠타운 운동장 | F71: 군포시 | G71: 군포도시공사 | I71: 군포도시공사 | L71: 80680 | O71: 복합탄성고무 | P71: 343 | Q71: 직선7 곡선5 | R71: 인조잔디 | S71: 60 | T71: 92 | U71: 58 | V71: 90 | W71: 562 | X71: 562 | AB71: 2014 | BL71: 게이트볼장, 풋살장, 테니스장 1면, 농구장, 부대시설 포함(체육센터 부지 제외)
C72: 오산시 | D72: 경기도 오산시 경기동로 15 | E72: 오산시종합운동장 | F72: 오산시 | G72: 오산도시공사 | H72: osan.go.kr | I72: 오산도시공사 | J72: 4 | L72: 71178 | M72: 5249 | N72: 5328 | O72: 천연복합탄성재 | P72: 400 | R72: 8 | T72: 인조잔디 | U72: 68 | V72: 105 | W72: 7914 | X72: 12000 | AB72: 1986 | AI72: 1420
C73: 이천시 | D73: 경기도 이천시 부발읍 무촌리 52 | E73: 이천시 종합운동장 | F73: 이천시 | G73: 체육시설관리사무소 (644-2671) | H73: http://www.icheon.go.kr/icmain/org/sports/index.php | I73: 이천시 | J73: 13 | L73: 87447 | M73: 8994 | N73: 11264 | O73: 우레탄 | P73: 400 | Q73: 1.2 | R73: 8 | S73: 3840 | T73: 천연잔디 | U73: 68 | V73: 105 | W73: 19428 | X73: 30000 | Y73: 의자식 | Z73: 철근콘크리트 | AB73: 2001 | AC73: 18568 | AD73: 6004 | AE73: 864 | AI73: 25436 | AL73: 1 (1200*730) | AM73: 624 | AR73: 테니스장 | AS73: 3 | AT73: 1600 | AU73: 크레이, 관리실 | AV73: 통합관리 | AW73: 족구장 | AX73: 2 | AY73: 875 | AZ73: 크레이 | BA73: 통합관리 | BL73: 테니스장 3면 족구장 2면.정구장5면
C74: 이천시 | D74: 경기도 이천시 신둔면 도암리 1300 | E74: 이천훈련원 대운동장 | F74: 대한장애인 체육회 | G74: 사단법인 대한장애인 체육회 070-7422-200 | I74: 대한장애인체육회 | K74: 이천상무 | L74: 13000 | O74: 탄성포장재 | P74: 400 | R74: 8 | T74: 인조잔디 | U74: 68 | V74: 105 | AB74: 2009 | AI74: 2000 | BL74: 축구장 1면
A75: 21 | C75: 안성시 | D75: 경기도 안성시 보개면 양복리 210 | E75: 안성시 종합운동장 | F75: 안성시 | G75: 안성시 시설관리공단 (676-2773) | H75: http://asimc.or.kr/ | I75: 안성시 시설관리공단 | J75: 5 | K75: 시민 등 | L75: 115066 | M75: 6066 | N75: 1710 | O75: 우레탄 | P75: 400 | Q75: 1.2 | R75: 8 | S75: 3840 | T75: 인조잔디 | U75: 105 | V75: 70 | W75: 10000 | X75: 15600 | Y75: 의자식 | Z75: 철근콘크리트 | AB75: 1997 | AC75: 6108 | AD75: 4654 | AE75: 538 | AI75: 11300 | AR75: 축구 | AS75: 1 | AT75: 8183 | AU75: 축구장 1면 | AV75: 안성시 시설관리공단
C76: 포천시 | D76: 경기도 포천시 군내면 구읍리 691 | E76: 포천종합운동장 | F76: 포천시 | G76: 포천도시공사(540-6332) | I76: 포천도시공사 | J76: 4명 | K76: 포천시민 | L76: 53401 | M76: 4832 | N76: 8248 | O76: 우레탄 | P76: 400 | Q76: 1.2 | R76: 8 | S76: 3840 | T76: 천연잔디 | U76: 68 | V76: 105 | W76: 5964 | X76: 7000 | Y76: 7000 | Z76: 철근콘크리트 | AB76: 1990 | AC76: 3081 | AE76: 400 | AI76: 3481 | AJ76: 1998 | AR76: 테니스장 | AS76: 4 | AT76: 2646 | AU76: 조명탑 4개, | AV76: 포천시테니스협회 | AW76: 씨름장 | AX76: 1 | AY76: 268 | AZ76: 비가림시설 설치 | BL76: 씨름장 1면
C77: 양평군 | D77: 경기도 양평군 양평읍 종합운동장로 7 | E77: 양평종합운동장 | F77: 양평군 | G77: 양평공사(031-770-4099) | I77: 양평군 | K77: 양평군민 | L77: 164077 | M77: 3526 | N77: 4714 | O77: 우레탄 | P77: 400 | Q77: 1.25 | R77: 8 | S77: 4000 | T77: 인조잔디 | U77: 68 | V77: 105 | W77: 6300 | X77: 10000 | AB77: 2018 | AI77: 41300 | BL77: 주경기장, 보조경기장, 보조트랙, 인라인스케이트장, 볼링장, 족구장2
C78: 여주시 | D78: 경기도 여주시 월송동 1 (영릉로 123) | E78: 여주종합운동장 | F78: 여주시 | G78: 여주도시관리공단 (031-880-4023) | H78: - | I78: 여주도시관리공단 | J78: 1 | K78: 여주군민 | L78: 84397 | M78: 2325 | N78: 2325 | O78: 우레탄 | P78: 400 | Q78: 1.25 | R78: 8 | T78: 인조잔디 | U78: 68 | V78: 105 | W78: 10180 | X78: 21600 | Y78: 계단식 | Z78: 철근콘크리트 | AB78: 1990 | AC78: 1602 | AE78: 400 | AI78: 4890 | AR78: 테니스장 | AS78: 3 | AT78: 2400 | AU78: 크레이 | AV78: 군테니스협회
C79: 동두천시 | D79: 경기도 동두천시 생연동 70 | E79: 동두천시 종합운동장 | F79: 동두천시 | G79: 동두천시시설사업소 | I79: 동두천시 | J79: 5 | L79: 128580 | M79: 6633 | N79: 6633 | O79: 우레탄 | P79: 400 | Q79: 1.2 | R79: 8 | T79: 인조잔디 | U79: 68 | V79: 105 | W79: 13983 | X79: 20000 | Y79: 계단식 | Z79: 철근콘크리트 | AB79: 2001 | AC79: 108903 | AD79: 4500 | AE79: 994 | AI79: 17963 | AL79: 0 | AN79: 0 | AO79: 0 | AR79: 테니스장 | AS79: 6 | AT79: 3700 | AU79: 크레이,조명탑4 | AV79: 동두천시테니스협회 | AW79: 축구 보조구장 | AX79: 2 | AY79: 12000 | AZ79: 크레이 | BA79: 시설사업소 | BB79: 게이트볼장 | BC79: 1 | BD79: 400 | BL79: 테니스장 6, 보조축구장 2, 게이트볼장 1
C80: 과천시 | D80: 경기도 과천시 관문동 3 | E80: 관문체육공원 운동장 | F80: 과천시 | G80: 과천도시공사 (02-504-7300) | H80: citizenshall.or.kr | I80: 과천도시공사 | J80: 23 | K80: 대 관 | L80: 179635 | M80: 578.63 | N80: 931.3 | O80: 우레탄 | P80: 400 | Q80: 1.2m | R80: 8 | T80: 인조잔디 | U80: 68 | V80: 105 | W80: 5000 | X80: 6100 | Y80: 계단식 | Z80: 철근콘크리트 | AB80: 2001 | AC80: 108903 | AD80: 4500 | AE80: 994 | AI80: 16162 | AN80: 4 (1500W x 16개) | AO80: 500 lux | AR80: 배드민턴장 | AS80: 4 | AT80: 1110 | AU80: 조명탑2 (1000W x 2개) | AV80: 과천시 시설관리공단 | AW80: 농 구 장 | AX80: 2 | AY80: 2100 | AZ80: 조명탑2 (300W x 16개) | BA80: 과천도시공사 | BG80: 테 니 스 장 | BH80: 8 | BI80: 6200 | BJ80: 조명탑6 (400W x 6개) 조명탑4 (400W x 12개) | BK80: 테니스협회 | BL80: 육상경기장 내 축구장 포함
C81: 가평군 | D81: 경기도 가평군 가평읍 대곡리 316 | E81: 가평종합운동장 | F81: 가평군 | G81: 종합운동장운영총괄 (031-8078-8047) | H81: www.ga21.net | I81: 시설관리공단 | K81: 가평군민 등 | L81: 62903 | M81: 3813 | N81: 3069 | O81: 우레탄 | P81: 400 | Q81: 1.5 | R81: 8 | T81: 인조잔디 | U81: 68 | V81: 105 | W81: 4293 | X81: 5000 | Y81: 계단식+토성잔디 | Z81: 철근콘크리트 | AB81: 2020 | AC81: 7043 | AD81: 신축스탠드 증설: 건축면적, 연면적, 좌석수, 건설사업비 합산, 준공연도 수정 | AE81: 400 | AH81: 후원금 | AI81: 7043 | AO81: lux | AR81: 테니스장 | AS81: 3 | AT81: 986 | AU81: 조명탑6개소, | AV81: 가평생활체육테니스협회 | BL81: 신축스탠드 증설: 건축면적, 연면적, 좌석수, 건설사업비 합산, 준공연도 수정
C82: 연천군 | D82: 경기도 연천읍 문화로 150 | E82: 연천공설운동장 | F82: 연천군 | G82: 과천도시공사 (02-504-7300) | I82: 시설관리공단 | J82: 1 | K82: 대 관 | L82: 108656 | M82: 5180 | N82: 7271 | O82: 우레탄 | P82: 400 | Q82: 1.2 | R82: 8 | S82: 3840 | T82: 천연잔디 | U82: 67 | V82: 105 | W82: 9000 | X82: 9000 | Y82: 의자식 | Z82: 철근콘크리트 | AB82: 1994 | AC82: 4285 | AD82: 4130 | AE82: 466 | AF82: 0 | AG82: 0 | AH82: 후원금 | AI82: 8881 | AJ82: 0 | AL82: 1 | AM82: 100 | AR82: 테니스장 | AS82: 6 | AT82: 3626 | AU82: 크레이, 10석,조명탑3 | AV82: 연천군시설관리공단 | AW82: 게이트볼장 | AX82: 4 | AY82: 1500 | AZ82: 크레이 | BA82: 게이트볼연합회 | BB82: 족구장 | BC82: 2 | BD82: 500 | BE82: 클레이,조명탑1 | BF82: 연천군시설관리공단 | BL82: 보조축구장 2, 게이트볼장 4, 족구장 2, 농구장 2
C83: 연천군 | D83: 경기도 연천읍 문화로 150 | E83: 연천공설운동장 보조트랙 | F83: 연천군 | I83: 시설관리공단 | N83: 2498 | O83: 우레탄 | P83: 80 | R83: 6 | AB83: 2012 | BL83: 주 경기장에 포함
B84: 강원 | C84: 소 계 | E84: =COUNTA(E85:E117) -> 33 | L84: =SUM(L85:L117) -> 1904302 | M84: =SUM(M85:M117) -> 168180.75 | N84: =SUM(N85:N117) -> 179343.4
A85: 1 | C85: 춘천시 | D85: 송암동 303 | E85: 송암스포츠타운 종합경기장 | F85: 춘천시 | I85: 춘천도시공사 | L85: 75595 | M85: 11405.75 | N85: 6163.81 | O85: 몬도트랙 | P85: 400 | R85: 8 | T85: 천연잔디 | U85: 70 | V85: 105 | W85: 20000 | X85: 25000 | AB85: 2009 | AI85: 41000
C86: 춘천시 | E86: 송암스포츠타운 종합경기장 보조경기장 | F86: 춘천시 | I86: 춘천도시공사 | K86: 17030 | L86: 17030 | M86: 130 | N86: 130 | O86: 몬도트랙 | P86: 400 | Q86: 7350 | R86: 4 | T86: 인조잔디 | U86: 70 | V86: 105 | W86: 500 | X86: 500 | AB86: 2009 | AE86: 2000 | AI86: 3000
A87: 2 | C87: 원주시 | D87: 명륜동342번지 | E87: 원주종합경기장 | F87: 원주시 | G87: 문화체육사업소(741-2539) | H87: www.wonju.go.kr | I87: 원주시시설관리공단 | J87: 16 | K87: 원주시교육청외 | L87: 78905 | M87: 18113 | N87: 21174 | O87: 우레탄 | P87: 400 | Q87: 1 | R87: 8 | S87: 1.2 | T87: 천연잔디 | U87: 70 | V87: 105 | W87: 20796 | X87: 20796 | Y87: 의자식 | Z87: 철근콘크리트 | AB87: 1980 | AC87: 3454 | AD87: 1,277백만원 | AE87: 900백만원 | AF87: - | AG87: - | AH87: - | AI87: 3454 | AJ87: 1998 | AK87: 2003 | AL87: 1 | AM87: 675 | AN87: 0 | AO87: - | AR87: 축구 | AS87: 1 | AT87: 7350 | AU87: 천연잔디 | AV87: 직영
A88: 3 | C88: 강릉시 | D88: 교2동 408 | E88: 강릉종합운동장 | F88: 강릉시 | G88: 체육시설관리사무소 | I88: 체육시설사업소 | J88: 9 | K88: 강릉시육상연맹 | L88: 39330 | M88: 11894 | N88: 14548 | O88: 우레탄 | P88: 400 | Q88: 1.2 | R88: 8 | S88: 5021 | T88: 천연잔디 | U88: 68 | V88: 103 | W88: 33000 | X88: 33000 | Y88: 계단및 의자식 | Z88: 철근콘크리트 | AB88: 1985 | AC88: 6551 | AD88: 913 | AE88: 650 | AI88: 6551 | AL88: 1 | AM88: 88백만원 | AN88: 4 | AP88: 2,200백만원 | AR88: 육상보조트랙 | AS88: 1 | AT88: 700 | AV88: 문화체육시설관리사무소
C89: 강릉시 | E89: 강릉종합운동장 (육상보조경기장) | F89: 강릉시 | G89: 체육시설관리사무소 | I89: 체육시설사업소 | L89: 18000 | O89: 우레탄 | P89: 400 | R89: 6 | T89: 천연잔디 | U89: 72 | V89: 110 | AB89: 2015 | AI89: 5500
C90: 강릉시 | D90: 천곡동 363-1 | E90: 강북공설운동장 | F90: 강릉시 | G90: 시설관리공단(530-2858) | H90: dhsisul.org | I90: 주문진읍사무소 | J90: 79 | L90: 39802 | M90: 686 | N90: 1118 | O90: 우레탄 | P90: 400 | Q90: 1.2 | R90: 4 | T90: 인조잔디 | U90: 68 | V90: 103 | W90: 3000 | X90: 4000 | Y90: 계단및 의자식 | Z90: 철근콘크리트 | AB90: 2005 | AC90: 5191 | AD90: 3300 | AE90: 700 | AG90: 2700 | AI90: 5191 | AL90: 1 | AR90: 테니스장 | AS90: 5 | AT90: 3686 | AU90: 크레이,240석,조명탑2,관리실 | AV90: 시설관리공단(530-2858)
C91: 동해시 | D91: 천곡동 363-1 | E91: 동해종합운동장 | F91: 동해시 | G91: 시설관리공단(530-2858) | H91: dhsisul.org | I91: 시설관리공단 | J91: 79 | L91: 78320 | M91: 27813 | N91: 30316 | O91: 몬도트랙 | P91: 400 | Q91: 1.2 | R91: 8 | T91: 천연잔디 | U91: 80 | V91: 100 | W91: 16800 | X91: 25000 | Y91: 계단및 의자식 | Z91: 철근콘크리트 | AB91: 1993 | AC91: 11160 | AD91: 3300 | AE91: 700 | AG91: 2700 | AI91: 11160 | AL91: 1 | AR91: 테니스장 | AS91: 5 | AT91: 3686 | AU91: 크레이,240석,조명탑2,관리실 | AV91: 시설관리공단(530-2858)
A92: 4 | C92: 태백시 | D92: 황지동 244-3 | E92: 태백종합경기장 | F92: 태백시 | G92: 스포츠산업과(550-2753) | H92: taeback.go.kr | I92: 태백시 | J92: 8 | L92: 69278 | M92: 18260 | N92: 18260 | O92: 우레탄 | P92: 400 | Q92: 1.2 | R92: 8 | T92: 천연잔디 | U92: 75 | V92: 105 | W92: 4000 | X92: 15000 | Y92: 의자식 | Z92: 철근콘크리트 | AB92: 1992 | AC92: 3255 | AD92: 1000 | AE92: 500 | AF92: 30 | AG92: 29 | AH92: 후원금 | AI92: 3255 | AJ92: 1995 | AK92: 2003 | AL92: 1 | AM92: 600백만원
C93: 태백시 | E93: 대한체육회 태백분촌 운동장 | F93: 대한체육회 | I93: 대한체육회 | L93: 61486 | M93: 1557 | N93: 2538 | O93: 우레탄 | P93: 400 | R93: 6 | T93: 토사 | U93: 70 | V93: 105 | AB93: 1998 | AC93: 2446 | AI93: 2446
A94: 6 | C94: 속초시 | D94: 노학동 1000-332 | E94: 속초종합경기장 | F94: 속초시 | G94: 시설관리공단 | H94: sockchosiseol.or.kr | I94: 속초시시설관리공단 | J94: 19 | L94: 53230 | M94: 6400 | N94: 5889.08 | O94: 우레탄 | P94: 400 | Q94: 1.2 | R94: 8 | T94: 천연잔디 | U94: 68 | V94: 109 | W94: 10000 | X94: 25000 | Y94: 의자식 | Z94: 철근콘크리트 | AB94: 1994 | AC94: 11533 | AD94: 7600 | AE94: 600 | AI94: 11533 | AL94: 1
A95: 7 | C95: 삼척시 | D95: 교동 254 | E95: 삼척종합운동장 | F95: 삼척시 | G95: 체육과 시설관리팀 | I95: 삼척시 | J95: 2 | L95: 45289 | M95: 1327 | N95: 2497 | O95: 우레탄 | P95: 400 | Q95: 1.2 | R95: 8 | T95: 천연잔디 | U95: 70 | V95: 110 | W95: 10000 | X95: 15000 | Y95: 계단식 | Z95: 철근콘크리트 | AB95: 1984 | AC95: 9786 | AD95: 4203 | AE95: 406 | AG95: 100 | AI95: 9786
A96: 8 | C96: 삼척시 | D96: 도계읍 늑구리 | E96: 도계공설운동장 | F96: 삼척시 | G96: 체육과 시설관리팀 | I96: 삼척시 | J96: 2 | L96: 65651 | M96: 4540 | N96: 5004 | O96: 우레탄 | P96: 400 | Q96: 1.2 | R96: 8 | T96: 천연잔디 | U96: 68 | V96: 105 | W96: 5000 | X96: 6500 | Y96: 계단식 | Z96: 철근콘크리트 | AB96: 1993 | AC96: 9279 | AD96: 400 | AE96: 200 | AI96: 9279
A97: 11 | C97: 홍천군 | E97: 홍천종합운동장 | F97: 홍천군 | I97: 홍천군 | L97: 107175 | M97: 10213 | N97: 2846 | O97: 우레탄 | P97: 400 | R97: 8 | T97: 천연잔디 | U97: 76 | V97: 109 | W97: 8759 | X97: 10000 | AB97: 2004 | AC97: 20166 | AI97: 20166
A98: 12 | C98: 횡성군 | D98: 횡성읍 북천리 169-1 | E98: 횡성군종합운동장 | F98: 횡성군 | G98: 횡성군(340-2898) | H98: hsg.go.kr | I98: 횡성군 | J98: 4 | K98: 주민 | L98: 62467 | M98: 1617 | N98: 5120 | O98: 우레탄 | P98: 400 | Q98: 1.2 | R98: 8 | T98: 천연잔디 | U98: 80 | V98: 110 | W98: 5448 | X98: 6000 | Y98: 계단식 | Z98: 철근콘크리트 | AB98: 1999 | AC98: 11101 | AD98: 4,050,000천원 | AF98: 480,000천원 | AI98: 11101 | AL98: 1 | AM98: 815,780천원 | AR98: 테니스장 | AS98: 4 | AT98: 1500 | AU98: 클레이, 50석, 조명탑2, 락커룸 | AV98: 위탁(생활체육협의회) | AW98: 인라인스케이트장 | AX98: 1 | AY98: 3120 | AZ98: 우레탄바닥 | BA98: 직영 | BB98: 풋살경기장 | BC98: 1 | BD98: 1500 | BE98: 인조잔디 | BF98: 직영
A99: 13 | C99: 횡성군 | E99: 둔내종합운동장 | F99: 횡성군 | I99: 횡성군 | L99: 11447 | M99: 496.72 | N99: 659.95 | O99: 우레탄 | P99: 400 | R99: 8 | T99: 인조잔디 | U99: 68 | V99: 105 | W99: 500 | X99: 1000 | AB99: 2012 | AI99: 1500
C100: 영월군 | D100: 영월읍 하송리 313-16 | E100: 영월공설운동장 | F100: 영월군 | G100: 영월군 | H100: vwl.매.kr | I100: 영월군시설관리공단 | J100: 3 | K100: 주민 | L100: 26874 | M100: 11189 | N100: 11310 | O100: 우레탄 | P100: 400 | Q100: 1.2 | R100: 8 | T100: 천연잔디 | U100: 68 | V100: 105 | W100: 3800 | X100: 5000 | Y100: 의자식, 계단식 | Z100: 철근콘크리트 | AB100: 2003 | AC100: 3435 | AD100: 176백만원 | AI100: 3435
...

Sheet 2.축구장
B1: 2. 축구장 | V1: (단위 : ㎡, 백만원, 명)
A2: 일련번호 | B2: 시도 | C2: 시군구 | D2: 주소 | E2: 시설명 | F2: 소유기관 | G2: 관리주체 | H2: 관리인원 | I2: 부지면적 | J2: 건축면적 | K2: 연면적 | L2: 경기장 | Q2: 관람석 | U2: 국제규격 (O,X) | V2: 준공 연도 | W2: 건 설 사업비 | AD2: 개보수연도 | AF2: 부대시설 | AL2: 부대운동시설 | AV2: 비고
L3: 필드 | Q3: 좌석수 | R3: 수용인원 | S3: 좌석형태 | T3: 건축구조 | AD3: 1차 | AE3: 2차 | AF3: 전광판 | AH3: 조명탑 | AK3: 기타 | AL3: 종목1 | AQ3: 종목2
L4: 바닥재료 | M4: 폭 | N4: 길이 | O4: 면적 | P4: 면수 | AF4: 개소수 | AG4: 설치비 | AH4: 개소수 | AI4: 조도 | AJ4: 설치비 | AL4: 종목 | AM4: 면수 | AN4: 면적 | AO4: 시설구성 | AP4: 관리운영 | AQ4: 종목 | AR4: 면수 | AS4: 면적 | AT4: 시설구성 | AU4: 관리운영
B5: 전국 | C5: 계 | E5: =COUNTA(E7:E80,E82:E114,E116:E154,E156:E189,E191:E215,E217:E230,E232:E259,E261:E273,E275:E553,E555:E630,E632:E674,E676:E716,E718:E814,E816:E907,E909:E986,E988:E1162,E1164:E1185) -> 1163 | H5: =COUNTA(H7:H75,H82:H112,H116:H152,H156:H188,H191:H214,H217:H230,H232:H257,H261:H273,H275:H553,H555:H630,H632:H674,H676:H716,H718:H814,H816:H907,H909:H986,H988:H1162,H1164:H1185) -> 271 | I5: =SUM(I7:I80,I82:I114,I116:I154,I156:I189,I191:I215,I217:I230,I232:I259,I261:I273,I275:I553,I555:I630,I632:I674,I676:I716,I718:I814,I816:I907,I909:I986,I988:I1162,I1164:I1185) -> 33891078 | J5: =SUM(J7:J80,J82:J114,J116:J154,J156:J189,J191:J215,J217:J230,J232:J259,J261:J273,J275:J553,J555:J630,J632:J674,J676:J716,J718:J814,J816:J907,J909:J986,J988:J1162,J1164:J1185) -> 1052885.1 | K5: =SUM(K7:K80,K82:K114,K116:K154,K156:K189,K191:K215,K217:K230,K232:K259,K261:K273,K275:K553,K555:K630,K632:K674,K676:K716,K718:K814,K816:K907,K909:K986,K988:K1162,K1164:K1185) -> 1874658.7 | P5: =P6+P81+P115+P155+P190+P216+P231+P260+P274+P554+P631+P675+P717+P815+P908+P987+P1163 -> 1376
B6: 서울 | C6: 소 계 | E6: =COUNTA(E7:E80) -> 74 | I6: =SUM(I7:I80) -> 926990 | J6: =SUM(J7:J80) -> 73298.3 | K6: =SUM(K7:K80) -> 205126.19 | P6: =SUM(P7:P80) -> 81
A7: 1 | C7: 종로구 | D7: 경기도 고양시 덕양구 덕은동 519-17 | E7: 종로구 한강다목적운동장 | F7: 국토해양부 (국유지) | G7: 종로구시설관리공단 | H7: 19790 | I7: 19790 | L7: 천연잔디 | M7: 90 74 | N7: 62 50 | O7: 6,284 4,266 | P7: 2 | Q7: 120 | R7: 120 | S7: 계단식(3단) | T7: 철제 | V7: 2013 | AB7: 920 | AV7: 한강둔치(고양시)
A8: 2 | C8: 중 구 | E8: 손기정체육공원 인조잔디축구장 | F8: 중구 | G8: 중구 시설관리공단 | H8: 18968 | I8: 3456 | L8: 인조잔디 | M8: 48 | N8: 72 | O8: 3456 | P8: 1 | S8: 계단식 | V8: 2003 | AB8: 500
A9: 3 | C9: 용산구 | D9: 효창동3번지 | E9: 효창운동장 | F9: 서울시 | G9: 체육시설관리사업소 | H9: 29976 | I9: 33391 | J9: 1802 | K9: 3414.1 | L9: 인조잔디 | M9: 105 | N9: 69 | O9: 14361 | P9: 1 | Q9: 15000 | R9: 15000 | S9: 의자식 | T9: 철근콘크리트 | V9: 1960 | AB9: 885 | AC9: 885 | AE9: 전광판 | AG9: 조명탑
C10: 용산구 | E10: 한강공원 이촌지구 축구장1 | F10: 서울시 | G10: 미래한강본부 | H10: 7350 | L10: 토사 | M10: 70 | N10: 80 | O10: 5600 | P10: 1 | S10: - | T10: - | V10: 1988 | AB10: 121
C11: 용산구 | E11: 한강공원 이촌 축구교육장 | F11: 서울시 | G11: 미래한강본부 | H11: 4534 | I11: 5283 | L11: 인조잔디 | O11: 2951 | P11: 4 | V11: 1997
C12: 성동구 | E12: 살곶이체육공원 축구장 | F12: 국토해양부 (국유지) | G12: 성동구도시관리공단 | H12: 9500 | L12: 토사 | M12: 50 | N12: 95 | O12: 9500 | P12: 2 | V12: 미상
C13: 성동구 | D13: 자동차시장3길 64 | E13: 중랑물재생센터 축구장 | F13: 서울시 | G13: 중랑물재생센터 | H13: 3600 | L13: 인조잔디 | M13: 40 | N13: 90 | O13: 3600 | P13: 1 | V13: 2017
C14: 성동구 | E14: 응봉축구장 | F14: 성동구 | G14: 성동구도시관리공단 | H14: 5154 | I14: 5154 | L14: 인조잔디 | M14: 50 | N14: 90 | O14: 5154 | P14: 1 | V14: 2017 | AB14: 800
C15: 광진구 | D15: 서울시 광진구 능동 18 | E15: 어린이대공원 축구장 | F15: 서울시 | G15: 서울시설공단 | H15: 10800 | I15: 8212 | L15: 인조잔디 | M15: 68 | N15: 100 | O15: 6834 | P15: 1 | Q15: 2000 | R15: 2000 | S15: 계단식 | T15: 콘크리트조 | V15: 2009 (2023) | AV15: 인조잔디축구장으로 변경조성(2023년/후원)
C16: 광진구 | D16: 광진구 천호대로 731 | E16: 아차산배수지체육공원 축구장 | F16: 서울시 | G16: 광진구시설관리공단 | H16: 5600 | L16: 인조잔디 | M16: 56 | N16: 100 | O16: 5600 | P16: 1 | V16: 2007 | AB16: 800
C17: 광진구 | E17: 한강공원 뚝섬지구 축구장 | F17: 서울시 | G17: 미래한강본부 | H17: 9900 | L17: 토사 | M17: 55 | N17: 90 | O17: 9900 | P17: 2 | V17: 2009
A18: 3 | C18: 중랑구 | D18: 중랑구망우동산73-2 | E18: 중랑구립 잔디운동장 | F18: 중랑구 | G18: 중랑구시설관리공단 | H18: 13304 | I18: 13304 | L18: 인조잔디 | M18: 68 | N18: 105 | O18: 9953 | P18: 1 | Q18: 400 | R18: 400 | S18: 계단식 | T18: 철제 | V18: 2002 | W18: 2,989백만원 | Y18: 560백만원 | AB18: 5568 | AC18: 5568
A19: 4 | C19: 중랑구 | D19: 중랑구 면목동 산1-4 | E19: 용마폭포공원 인조잔디 축구장 | F19: 중랑구 | G19: 중랑구시설관리공단 | H19: 8547 | I19: 8547 | L19: 인조잔디 | M19: 68 | N19: 105 | O19: 8547 | P19: 1 | Q19: 200 | R19: 200 | S19: 계단식 | T19: 철제 | V19: 2007 | AB19: 1663 | AC19: 1663
C20: 중랑구 | D20: 중랑구 망우동 4 | E20: 신내차량기지 축구장 | F20: 서울교통공사 | G20: 중랑구시설관리공단 | H20: 8186 | I20: 8186 | L20: 인조잔디 | M20: 67 | N20: 100 | O20: 8186 | P20: 1 | Q20: 100 | R20: 100 | S20: 계단식 | T20: 철제 | V20: 2017 | AB20: 878 | AC20: 878
A21: 6 | C21: 성북구 | D21: 화랑로13길 144 | E21: 제1월곡인조잔디구장 | F21: 성북구 | G21: 성북구도시관리공단 | H21: 4232 | I21: 8198 | J21: 132.3 | K21: 216.09 | L21: 인조잔디 | M21: 54 | N21: 100 | O21: 5400 | P21: 1 | S21: - | T21: - | V21: 2004 | AV21: 연면적 - 관리동
C22: 성북구 | E22: 제2월곡인조잔디구장 | F22: 성북구 | G22: 성북구도시관리공단 | I22: 6255 | J22: 1999 | K22: 1999 | L22: 인조잔디 | M22: 42 | N22: 84 | O22: 3528 | P22: 1 | S22: - | T22: - | V22: 2019
A23: 7 | C23: 성북구 | D23: 화랑로13길 144 | E23: 개운산인조잔디구장 | F23: 성북구 | G23: 성북구도시관리공단 | H23: 4232 | I23: 5000 | L23: 인조잔디 | M23: 40 | N23: 74 | O23: 2960 | P23: 1 | S23: - | T23: - | V23: 2023 | AV23: 신규
C24: 강북구 | D24: 강북구 번동 317 | E24: 강북구민운동장 | F24: 강북구 | G24: 강북구도시관리공단 | H24: 33027 | I24: 12000 | L24: 인조잔디 | M24: 68 | N24: 110 | O24: 7480 | P24: 1 | Q24: 3000 | R24: 3000 | S24: 계단식 | T24: 철근콘크리트 | V24: 2000 | AB24: 13593 | AC24: 13593
C25: 도봉구 | D25: 해등로 3길 48-11 | E25: 초안산 인조잔디축구장 | F25: 도봉구 | G25: 도봉구 시설관리공단 | H25: 6528 | I25: 6528 | L25: 인조잔디 | M25: 102 | N25: 64 | O25: 6528 | P25: 1 | V25: 2005
C26: 도봉구 | D26: 창포원로 45 다락원체육공원 | E26: 다락원체육공원 축구장 | F26: 서울시 | G26: 도봉구 시설관리공단 | H26: 49830 | I26: 8850 | L26: 인조잔디 | M26: 68 | N26: 105 | O26: 7140 | P26: 1 | S26: 계단식 | T26: 철골조 | V26: 2018
C27: 노원구 | D27: 상계동 770-2 | E27: 마들스포츠타운 축구장 | F27: 노원구 | G27: 노원구서비스공단 | H27: 8436 | I27: 8436 | L27: 인조잔디 | M27: 78 | N27: 109 | O27: 8436 | P27: 1 | Q27: 500 | R27: 500 | S27: - | T27: - | V27: 2008 | AB27: 21100
C28: 노원구 | D28: 월계동 산 1 | E28: 초안산스포츠타운 축구장 | F28: 노원구 | G28: 노원구서비스공단 | H28: 6630 | I28: 6630 | L28: 인조잔디 | M28: 65 | N28: 102 | O28: 6630 | P28: 1 | Q28: 500 | R28: 500 | S28: 콘크리트, 목재 | T28: - | V28: 2001 (2007보수)
C29: 노원구 | E29: 불암스포츠타운 축구장 | F29: 노원구 | G29: 노원구 서비스공단 | H29: 38000 | I29: 6825 | L29: 인조잔디 | M29: 68 | N29: 100 | O29: 6825 | P29: 1 | Q29: 500 | R29: 500 | V29: 2009
C30: 노원구 | E30: 수락산스포츠타운 축구장 | F30: 노원구 | G30: 노원구 서비스공단 | I30: 5400 | L30: 인조잔디 | M30: 60 | N30: 90 | O30: 5400 | P30: 1 | V30: 2022
C31: 은평구 | D31: 은평구 진관1로 46 | E31: 은평구립축구장 | F31: 은평구 | G31: 은평구시설관리공단 | H31: 9700 | I31: 9700 | K31: 3534 | L31: 인조잔디 | M31: 64 | N31: 100 | O31: 6930 | P31: 1 | Q31: 700 | R31: 700 | S31: 계단식 | T31: 철근콘크리트 | V31: 2006 | AB31: 8181 | AC31: 8181
C32: 서대문구 | E32: 서대문구립 인조잔디 구장 | F32: 서대문구 | G32: 서대문구시설관리공단 | H32: 7560 | I32: 6526 | L32: 인조잔디 | M32: 60 | N32: 94 | O32: 5640 | P32: 1 | Q32: 126 | R32: 126 | S32: 계단식 | T32: 철제 | V32: 2004 | AB32: 845
C33: 서대문구 | E33: 서대문돌산 인조잔디구장 | F33: 서대문구 | G33: 서대문구 시설관리공단 | H33: 1568 | I33: 1568 | L33: 인조잔디 | M33: 32 | N33: 49 | O33: 1568 | P33: 1 | V33: 2013
C34: 마포구 | D34: 망원동 450-3 | E34: 망원유수지 대축구장 | F34: 마포구 | G34: 마포구 | I34: 21600 | L34: 마사토 | V34: 2008
C35: 마포구 | D35: 망원동 450-3 | E35: 망원유수지 소축구장 | F35: 마포구 | G35: 마포구체육회 | I35: 6242 | L35: 인조잔디 | V35: 2024 | W35: 1793
C36: 마포구 | E36: 한강공원 망원지구 축구장 | F36: 서울시 | G36: 미래한강본부 | H36: 8400 | I36: 8128 | L36: 토사 | M36: 60 | N36: 100 | O36: 6000 | P36: 1 | Q36: 0 | R36: 0 | S36: 0 | T36: 0 | V36: 1993 | AB36: 132
A37: 9 | C37: 마포구 | D37: 서울시 성산동 515 | E37: 서울월드컵경기장 | F37: 서울시 | G37: 서울시설공단 | H37: 216712 | I37: 216712 | J37: 58724 | K37: 166678 | L37: 하이브리드 잔디 | M37: 78 | N37: 117 | O37: 9126 | P37: 1 | Q37: 66704 | R37: 66704 | S37: 계단식 ("ㅁ"자형) | T37: RC&SRC&S | V37: 2001 | X37: 600억원 | Y37: 800억원 | AB37: 660 | AC37: 660000 | AE37: 2 | AG37: 322 | AH37: 2,289Lx | AI37: 34백만원
A38: 10 | C38: 마포구 | D38: 서울시 성산동 515 | E38: 서울월드컵경기장 보조경기장 | F38: 서울시 | G38: 서울시설공단 | I38: 12271 | J38: 765 | L38: 인조잔디 | M38: 82.6 | N38: 120 | O38: 9910 | P38: 1 | Q38: 1012 | R38: 1012 | S38: 계단식 (일자형) | T38: RC&S | V38: 2001 | AB38: 주경기장에 포함 | AV38: 일반석(992석) 장애인석(20석)
A39: 11 | C39: 마포구 | E39: 월드컵공원 인조잔디축구장 | F39: 서울시 | G39: 마포구 | H39: 8510 | I39: 8510 | L39: 인조잔디 | M39: 66 | N39: 102 | O39: 6732 | P39: 1 | Q39: 100 | R39: 100 | S39: 스탠드 | V39: 2005 | AB39: 1186
C40: 고양시 덕양구 | D40: 경기도 고양시 덕양구 대덕로426 | E40: 난지물재생센터 축구장 | F40: 서울시 | G40: 난지물재생센터 | H40: 3600 | I40: 6400 | L40: 인조잔디 | M40: 40 | N40: 90 | O40: 3600 | P40: 1 | V40: 2011
A41: 12 | C41: 양천구 | E41: 해누리 축구장 1 | F41: 양천구 | G41: 양천구 시설관리공단 | H41: 38240 | I41: 38240 | L41: 인조잔디 | M41: 70 | N41: 108 | O41: 7560 | P41: 1 | V41: 2004 | AB41: 950 | AC41: 950
C42: 양천구 | E42: 해누리 축구장 2 | F42: 양천구 | G42: 양천구 시설관리공단 | H42: 38240 | I42: 38240 | L42: 인조잔디 | M42: 64 | N42: 100 | O42: 8839 | P42: 1 | V42: 2016 | AB42: 1100 | AC42: 1100
A43: 13 | C43: 양천구 | E43: 안양천 축구장 | F43: 양천구 | G43: 양천구 | H43: 35000 | I43: 35000 | L43: 토사 | M43: 64 | N43: 100 | O43: 6400 | P43: 1 | V43: 1994~5
C44: 강서구 | D44: 마곡동 91 | E44: 서남물재생센터 축구장 | F44: 서울시 | G44: 서울물재생시설공단 (서남센터) | H44: 3 | I44: 5589 | L44: 인조잔디 | M44: 61.9 | N44: 90.3 | O44: 5589 | P44: 1 | V44: 2016 | AA44: 500
C45: 강서구 | D45: 양천로61길 101 | E45: 가양축구장 | F45: 강서구 | G45: 강서구 시설관리공단 | H45: 6208 | I45: 6208 | L45: 인조잔디 | M45: 64 | N45: 97 | O45: 6208 | P45: 1 | V45: 2015
C46: 강서구 | D46: 인천광역시 계양구 하야동 27-1 일대(9호선 차량기지 내) | E46: 강서 개화축구장 | F46: 강서구 | G46: 강서구 | H46: 9876 | I46: 9876 | J46: 9876 | L46: 인조잔디 | M46: 68 18 | N46: 105 38 | O46: 7,140 1,368 | P46: 3 | V46: 2010
C47: 강서구 | D47: 화곡동 산60-1 | E47: 우장산 인조잔디구장 | F47: 서울시 | G47: 강서구 | H47: 10200 | I47: 20000 | L47: 인조잔디 | M47: 64 | N47: 100 | O47: 10200 | P47: 1 | Q47: 1000 | R47: 1000 | S47: 계단식 | T47: 철근콘크리트 | V47: 2006 | AB47: 1288
A48: 16 | C48: 구로구 | D48: 고척2동산9-14 | E48: 고척근린공원 운동장 | F48: 구로구 | G48: 구로구 | H48: 16000 | I48: 7350 | L48: 토사 | M48: 70 | N48: 105 | O48: 7350 | P48: 1 | Q48: 1000 | R48: 1000 | S48: 계단식 | T48: 철근콘크리트 | V48: 1989
A49: 17 | C49: 구로구 | D49: 구로동 621-9 | E49: 안양천 A구장 | F49: 구로구 | G49: 구로구 | H49: 25000 | I49: 5520 | L49: 토사 | M49: 48 | N49: 115 | O49: 5520 | P49: 1 | Q49: 1500 | R49: 1500 | S49: 계단식 | T49: 철근콘크리트 | V49: 1989
A50: 18 | C50: 구로구 | D50: 구로동 621-9 | E50: 안양천 B구장 | F50: 구로구 | G50: 구로구 | H50: 5000 | I50: 5000 | L50: 토사 | M50: 50 | N50: 100 | O50: 5000 | P50: 1 | Q50: 1500 | R50: 1500 | S50: 계단식 | T50: 철근콘크리트 | V50: 1989
A51: 19 | C51: 구로구 | D51: 신도리동 271-64 | E51: 안양천 C구장 | F51: 구로구 | G51: 구로구 | H51: 7350 | I51: 6324 | L51: 인조잔디 | M51: 62 | N51: 102 | O51: 6324 | P51: 1 | Q51: 1000 | R51: 1000 | S51: 계단식 | T51: 철근콘크리트 | V51: 2019
C52: 구로구 | D52: 고척동 산 6-1 | E52: 계남근린공원 축구장 | F52: 구로구 | G52: 구로구 | H52: 5400 | I52: 5400 | L52: 인조잔디 | M52: 60 | N52: 90 | O52: 5400 | P52: 1 | V52: 2011
C53: 구로구 | D53: 구로구 경인로 430 | E53: 고척 축구장 (고척스카이돔 부대시설) | F53: 서울시 | G53: 서울시설공단 | H53: 4500 | I53: 4500 | L53: 인조잔디 | M53: 50 | N53: 90 | O53: 4500 | P53: 1 | V53: 2015
A54: 20 | C54: 금천구 | E54: 독산근린공원 잔디축구장 | F54: 금천구 | G54: 금천구시설관리공단 | H54: 5098 | I54: 4500 | L54: 인조잔디 | M54: 56 | N54: 91 | O54: 5098 | P54: 1 | V54: 2007 | AB54: 1030
C55: 영등포구 | E55: 한강공원 양화지구 축구장 | F55: 서울시 | G55: 미래한강본부 | H55: 8740 | I55: 8740 | L55: 토사 | M55: 83 | N55: 105 | O55: 8740 | P55: 1 | S55: - | T55: - | V55: 1988 | AB55: 110
C56: 영등포구 | D56: 문래동5가31 | E56: 영롱이 억새1구장 | F56: 영등포구 | G56: 영등포구시설관리공단 | H56: 7800 | I56: 7000 | K56: 7000 | L56: 토사 | M56: 65 | N56: 106 | O56: 6890 | P56: 1 | S56: - | T56: - | V56: 1996 | AB56: 80 | AC56: 80
A57: 21 | C57: 영등포구 | D57: 문래동5가31 | E57: 영롱이 억새2구장 | F57: 영등포구 | G57: 영등포구시설관리공단 | H57: 8700 | I57: 8700 | K57: 6192 | L57: 토사 | M57: 70 | N57: 109 | O57: 7630 | P57: 1 | S57: - | T57: - | V57: 2002 | AB57: 83 | AC57: 83
A58: 21 | C58: 영등포구 | D58: 양화동8-3 | E58: 양평누리체육공원 제2축구장 | F58: 영등포구 | G58: 영등포구시설관리공단 | H58: 7500 | I58: 7593 | K58: 7593 | L58: 인조잔디 | M58: 68 | N58: 104 | O58: =68*104 -> 7072 | P58: 1 | S58: - | T58: - | V58: 1996 (2020) | W58: 110 | AC58: =110+1500 -> 1610
A59: 21 | C59: 영등포구 | D59: 양화동12-2 | E59: 양평누리체육공원 제1축구장 | F59: 영등포구 | G59: 영등포구시설관리공단 | H59: 8200 | I59: 8500 | K59: 8500 | L59: 인조잔디 | M59: 64 | N59: 100 | O59: =100*64 -> 6400 | P59: 1 | S59: - | T59: - | V59: 2006 (2021) | AC59: =96+1500 -> 1596
A60: 22 | C60: 영등포구 | D60: 대림동780 | E60: 대림체육공원 축구장 | F60: 영등포구 | G60: 영등포구시설관리공단 | H60: 6000 | I60: 6000 | L60: 인조잔디 | M60: 53 | N60: 78 | O60: 4134 | P60: 1 | S60: - | T60: - | V60: 1996 | AB60: 1262 | AC60: 70 | AK60: 테니스장 | AL60: 4면 | AM60: 1,043㎡ | AO60: 구직영 | AP60: 농구장 | AQ60: 1면 | AR60: 420㎡ | AT60: 구직영 | AU60: 배구장
A61: 23 | C61: 동작구 | E61: 보라매공원 축구장 | F61: 서울시 | G61: 서부공원여가센터 | H61: 7140 | I61: 7350 | L61: 인조잔디 | M61: 75 | N61: 98 | O61: 7350 | P61: 1 | Q61: 32 | R61: 32 | S61: 의자식 | T61: 철재, 플라스틱 | V61: 2006 | AB61: 300 | AC61: 300
A62: 24 | C62: 동작구 | D62: 노량진축구장 | E62: 노량진축구장 | F62: 동작구 | G62: 동작구(직영) | I62: 7140 | L62: 인조잔디 | M62: 68 | N62: 105 | O62: 7140 | P62: 1 | S62: 2021
A63: 25 | C63: 동작구 | D63: 노들나루공원 축구장 | E63: 노들나루공원 축구장 | F63: 동작구 | G63: 동작구(직영) | I63: 4267 | L63: 인조잔디 | M63: 68 | N63: 105 | O63: 4237 | P63: 1 | S63: 2021
A64: 26 | C64: 관악구 | D64: 봉천7동 산53-3 | E64: 관악구민운동장 | F64: 관악구 | G64: 관악구시설관리공단 | H64: 23754 | I64: 5780 | L64: 인조잔디 | M64: 55 | N64: 93 | O64: 5115 | P64: 1 | V64: 2004 | AB64: 1300 | AC64: 243
C65: 관악구 | D65: 약수암길 43-1 | E65: 관악제2구민운동장 | F65: 관악구 | G65: 관악구시설관리공단 | H65: 5580 | I65: 2940 | L65: 인조잔디 | M65: 42 | N65: 70 | O65: 2940 | P65: 1 | V65: 2000 | AB65: 1104
A66: 28 | C66: 서초구 | D66: 양재동 311 | E66: 양재근린공원 축구장 | F66: 서초구 | G66: 서초구 | H66: 32523 | I66: 5856 | L66: 인조잔디 | M66: 62 | N66: 93 | O66: 5766 | P66: 1 | V66: 2005 | AB66: 900 | AK66: 테니스장 | AL66: 1 | AM66: 703 | AN66: 클레이코트 | AO66: 송파구
A67: 29 | C67: 서초구 | D67: 남부순환로296길 4-9 | E67: 방배 배수지 축구장 | F67: 서초구 | G67: 서초구 | H67: 30353 | I67: 30353 | L67: 인조잔디 | M67: 45 | N67: 73 | O67: 3285 | P67: 1 | V67: 2007 | AB67: 985
A68: 30 | C68: 서초구 | D68: 신반포로16길 30 | E68: 반포종합운동장 축구장 | F68: 서초구 | G68: 서초구 | H68: 56000 | I68: 56000 | L68: 인조잔디 | M68: 55 | N68: 110 | O68: 6050 | P68: 1 | V68: 2005 | AB68: 8527
A69: 31 | C69: 서초구 | D69: 한강공원 잠원지구 축구장 | E69: 한강공원 잠원지구 축구장 | F69: 서울시 | G69: 미래한강본부 | H69: 7140 | I69: 7140 | L69: 토사 | M69: 68 | N69: 105 | O69: 7140 | P69: 1 | V69: 2005
C70: 서초구 | D70: 한강공원 반포지구 축구장 | E70: 한강공원 반포지구 축구장 | F70: 서울시 | G70: 미래한강본부 | H70: 3960 | I70: 6650 | L70: 토사 | M70: 70 | N70: 95 | O70: 6650 | P70: 1 | V70: 2009
C71: 강남구 | D71: 대치동 78-20 | E71: 대치유수지 체육공원 축구장 | F71: 서울시 | G71: 강남구 | H71: 7776 | I71: 7776 | L71: 인조잔디 | M71: 70 | N71: 110 | O71: 7700 | P71: 1 | Q71: 300 | R71: 300 | S71: 스탠드 | T71: 목재 | V71: 2008 | AB71: 1500
C72: 강남구 | D72: 개포로 625 | E72: 탄천물재생센터 축구장 | F72: 서울시 | G72: 서울물재생시설공단 | H72: 9800 | I72: 9800 | L72: 마사토 | M72: 70 | N72: 95 | O72: 6650 | P72: 1 | V72: 2013
A73: 33 | C73: 강남구 | D73: 경기도 고양시 덕양구 덕은동 519-17 | E73: 강남세곡체육공원 축구장 | F73: 강남구 | G73: 강남구도시관리공단 | H73: 19790 | I73: 9660 | L73: 인조잔디 | M73: 115 | N73: 78 | O73: 8970 | P73: 1 | Q73: 100 | R73: 100 | S73: 계단식(3단) | T73: 콘크리트 | V73: 2023 | AB73: 920 | AV73: 신규
C74: 송파구 | E74: 한강공원 광나루지구 축구장3 | F74: 서울시 | G74: 미래한강본부 | H74: 5280 | I74: 5280 | L74: 토사 | M74: 66 | N74: 80 | O74: 5280 | P74: 1 | S74: - | T74: - | V74: 1986 | AB74: 132
C75: 송파구 | D75: 서울특별시 송파구 방이동 88-10 | E75: 송파구여성축구장 | F75: 송파구 | G75: 송파구시설관리공단 | H75: 4 | I75: 5076 | L75: 인조잔디 | M75: 54 | N75: 94 | O75: 5076 | P75: 1 | Q75: 300 | R75: 300 | S75: 스텐드 | T75: 콘크리트 (고무포장) | V75: 1999
C76: 송파구 | D76: 서울특별시 송파구 마천동 산 2 | E76: 천마공원 축구장 | F76: 송파구 | G76: 송파구시설관리공단 | H76: 4 | I76: 6800 | L76: 인조잔디 | M76: 60 | N76: 92 | O76: 5520 | P76: 1 | Q76: 400 | R76: 400 | S76: 스탠드 | T76: 목재 | V76: 2006
C77: 송파구 | D77: 서울특별시 송파구 잠실동 306 | E77: 잠실유수지체육시설 축구장 | F77: 송파구 | G77: 송파구체육회 | H77: 4 | I77: 6200 | L77: 인조잔디 | M77: 62 | N77: 100 | O77: 6200 | P77: 1 | V77: 2003
C78: 송파구 | D78: 서울특별시 송파구 가락동 5089 | E78: 탄천유수지체육시설 축구장 | F78: 송파구 | G78: 송파구체육회 | H78: 4 | I78: 6400 | L78: 인조잔디 | M78: 64 | N78: 100 | O78: 6400 | P78: 1 | V78: 2002
C79: 강동구 | E79: 한강공원 광나루지구 축구장1~2 | F79: 서울시 | G79: 미래한강본부 | H79: 12170 | I79: 12170 | L79: 토사 | M79: 66 | N79: 92 | O79: 12170 | P79: 2 | S79: - | T79: - | V79: 1993 | AB79: 220
C80: 강동구 | D80: 방이동 88-13 | E80: 성내유수지 축구장 | F80: 강동구 | G80: 강동구(직영) | H80: 2 | I80: 8970 | L80: 인조잔디 | M80: 68 | N80: 105 | O80: 7140 | P80: 1 | V80: 2016 | AB80: 2800 | AC80: 2800
A81: 1 | B81: 부산 | C81: 소 계 | E81: =COUNTA(E82:E114) -> 33 | I81: =SUM(I82:I114) -> 513731 | J81: =SUM(J82:J114) -> 385 | K81: =SUM(K82:K114) -> 16060 | P81: =SUM(P82:P114) -> 42
C82: 영도구 | E82: 영도환경공원 축구장 | F82: 부산시 | G82: 부산환경공단 영도사업소 | I82: 6097 | L82: 인조잔디 | M82: 67 | N82: 91 | O82: 6097 | P82: 1 | V82: 2006
C83: 영도구 | E83: 마린축구장 | F83: 영도구 | G83: 영도구 | I83: 13999 | J83: 385 | K83: 16060 | L83: 인조잔디 | M83: 68 | N83: 105 | O83: 7140 | P83: 1 | Q83: 150 | R83: 300 | S83: 접이식의자 | T83: 철콘 | V83: 2008 | W83: 1,750백만원 | AC83: 1750
C84: 부산진구 | E84: 황령산레포츠공원대운동장 | F84: 부산진구 | G84: 부산진구 | I84: 5308 | L84: 인조잔디 | M84: 63.8 | N84: 83.2 | O84: 5308.16 | P84: 1 | Q84: 300 | R84: 300 | S84: 계단식 | T84: 콘크리트 | V84: 2008
C85: 동래구 | D85: 대저동 2155 | E85: 수영환경공원 축구장 | F85: 부산시 | G85: 부산환경공단 수영사업단 | I85: 7822 | L85: 인조잔디 | M85: 75 | N85: 105 | O85: 7822 | P85: 1 | S85: - | T85: - | V85: 1998 | X85: 1100
C86: 남구 | D86: 대저동 2155 | E86: 백운포체육공원 축구장 | F86: 남구 | G86: 남구 | I86: 28375 | L86: 천연잔디 마사토 인조잔디 | M86: 80 79 78 | N86: 120 120 119 | O86: 9,590 9,490 9,295 | P86: 1 1 1 | Q86: 700 100 200 | R86: 700 100 200 | S86: 계단식 의자식 계단식 | T86: 철근콘크리트 경량형강 데크 | V86: 2001 2001 2010 | X86: 1100 | AC86: 1300
C87: 남구 | E87: 남부환경공원 축구장 | F87: 부산시 | G87: 부산환경공단 남부사업소 | I87: 6016 | L87: 인조잔디 | M87: 64 | N87: 94 | O87: 6016 | P87: 1 | V87: 1997
C88: 북구 | E88: 화명운동장(A,B) | F88: 부산시 | G88: 낙동강관리본부 | I88: 15772 | L88: 천연잔디 | M88: 76 67 | N88: 111 108 | O88: 8,436 7,286 | P88: 2 | V88: 2006
C89: 북구 | E89: 화명생태공원 축구장(C,D) | F89: 부산시 | G89: 낙동강관리본부 | I89: 19700 | L89: 인조잔디 마사토 | M89: 83 83 | N89: 119 119 | O89: 9,850 9,850 | P89: 2 | V89: 2010
C90: 해운대구 | E90: 장산인조잔디구장 | F90: 해운대구 | G90: 해운대구 | I90: 6120 | L90: 인조잔디 | M90: 68 | N90: 90 | O90: 6120 | P90: 1 | V90: 2005 | AC90: 609
C91: 해운대구 | E91: 센텀운동장 | F91: 부산시 | G91: 해운대구 | I91: 7000 | L91: 마사토 | M91: 70 | N91: 100 | O91: 7000 | P91: 1 | V91: 2008
C92: 사하구 | D92: 부산광역시 사하구 하단동 1151-6 외 2필지 | E92: 을숙도인조잔디 축구장 | F92: 수자원공사, 구유지, 국유지 | G92: 사하구 | I92: 25350 | L92: 인조잔디 | M92: 68 52 | N92: 105 100 | O92: 24976 | P92: 3 | V92: 2010
C93: 사하구 | E93: 강변환경공원 축구장 | F93: 부산시 | G93: 부산환경공단 강변사업단 | I93: 8470 | L93: 인조잔디 | M93: 77 | N93: 110 | O93: 8470 | P93: 1 | V93: 2010 | AC93: 934
C94: 금정구 | E94: 선동잔디구장 | F94: 금정구 | G94: 금정구 | I94: 9770 | L94: 천연잔디 | M94: 68 | N94: 105 | O94: 7140 | P94: 1 | V94: 2006 | AC94: 869
C95: 금정구 | E95: 노포동 차량기지창 축구장 | F95: 부산시 | G95: 부산교통공사 | I95: 5760 | L95: 천연잔디 | M95: 64 | N95: 90 | O95: 5760 | P95: 1 | V95: 1985
C96: 금정구 | E96: 부산시설공단 스포원 축구장 | F96: 부산시 | G96: 위탁 (부산시설공단) | I96: 6975 | L96: 인조잔디 | M96: 59 | N96: 87 | O96: 5133 | P96: 1 | V96: 2009
C97: 금정구 | E97: 오륜동인조잔디구장 | F97: 금정구 | G97: 금정구 | I97: 5249 | L97: 인조잔디 | M97: 50 | N97: 95 | O97: 4750 | P97: 1 | V97: 2011 | AC97: 660
C98: 금정구 | E98: 구민운동장 | F98: 금정구 | G98: 금정구 | I98: 20615 | L98: 마사토 | M98: 84 78 | N98: 42 41 | O98: 3,528 3,198 | P98: 2 | V98: 2012 | AC98: 3800
C99: 강서구 | D99: 대저동 2155 | E99: 맥도생태공원 축구장 | F99: 부산시 | G99: 낙동강관리본부 | I99: 17072 | L99: 마사토 | M99: 72 68 | N99: 137 106 | O99: 17072 | P99: 2 | S99: - | T99: - | V99: 2006 | X99: 1100
C100: 강서구 | E100: 대저생태공원 축구장 | F100: 부산시 | G100: 낙동강관리본부 | I100: 25491 | L100: 마사토 | O100: 25491 | P100: 3
...

Sheet 3.하키장
B1: 3. 하키장 | T1: (단위 : ㎡, 백만원, 명)
A2: 일련번호 | B2: 시도 | C2: 시군구 | D2: 주소 | E2: 시설명 | F2: 소유기관 | G2: 운영조직 (연락처) | H2: 관리주체 | I2: 관리인원 | J2: 부지면적 | K2: 건축면적 | L2: 연면적 | M2: 경기장 | Q2: 관람석 | U2: 국제규격 (O,X) | V2: 준공연도 | W2: 건 설 사업비 | AD2: 개보수연도 | AF2: 부대시설 | AL2: 부대운동시설 | AX2: 비고
M3: 필드 | Q3: 좌석수 | R3: 수용인원 | S3: 좌석형태 | T3: 건축구조 | AD3: 1차 | AE3: 2차 | AF3: 전광판 | AH3: 조명탑 | AK3: 기타 | AL3: 종목1 | AQ3: 종목2 | AV3: 종목3
M4: 바닥재료 | N4: 폭 | O4: 길이 | P4: 면적 | AF4: 개소수 | AG4: 설치비 | AH4: 개소수 | AI4: 조도 | AJ4: 설치비 | AL4: 종목 | AM4: 면수 | AN4: 면적 | AO4: 시설구성 | AP4: 관리운영 | AQ4: 종목 | AR4: 면수 | AS4: 면적 | AT4: 시설구성 | AU4: 관리운영 | AV4: 종목 | AW4: 면수
B5: 전국 | C5: 계 | E5: =COUNTA(E7,E9,E11,E13:E14,E16:E18,E20:E21,E23:E24,E26:E26,E28,E29,E31:E32,E34) -> 18 | J5: =SUM(J7,J9,J11,J13:J14,J16:J18,J20:J21,J23:J24,J26:J26,J28:J29,J31:J32,J34) -> 1169357 | K5: =SUM(K7,K9,K11,K13:K14,K16:K18,K20:K21,K23:K24,K26:K26,K28:K29,K31:K32,K34) -> 20510.36 | L5: =SUM(L7,L9,L11,L13:L14,L16:L18,L20:L21,L23:L24,L26:L26,L28:L29,L31:L32,L34) -> 28890.24
B6: 서울 | C6: 소 계 | E6: =COUNTA(E7) -> 1 | J6: =SUM(J7) -> 183879 | K6: =SUM(K7) -> 0 | L6: =SUM(L7) -> 0 | N6: =SUM(N7) -> 70 | O6: =SUM(O7) -> 105 | P6: =SUM(P7) -> 7350 | R6: =SUM(R7) -> 0
C7: 노원구 | E7: 태릉선수촌 하키경기장 | F7: 대한체육회 | H7: 대한체육회 | J7: 183879 | M7: 인조잔디 | N7: 70 | O7: 105 | P7: 7350 | R7: - | T7: - | V7: 1984 | AC7: 2348 | AX7: 육상트랙
B8: 부산 | C8: 소 계 | E8: =COUNTA(E9) -> 1 | J8: =SUM(J9) -> 18310 | K8: =SUM(K9) -> 1227 | L8: =SUM(L9) -> 1898 | N8: =SUM(N9) -> 71 | O8: =SUM(O9) -> 108 | P8: =SUM(P9) -> 15158 | R8: =SUM(R9) -> 2612
A9: 1 | C9: 강서구 | D9: 대저동 2155 | E9: 강서체육공원 하키경기장 | F9: 부산시 | G9: 체육시설관리사업소 강서체육공원 (051-970-1211) | H9: 체육시설관리 사업소 | J9: 18310 | K9: 1227 | L9: 1898 | M9: 인조잔디 | N9: 71 | O9: 108 | P9: 15158 | Q9: 2597 | R9: 2612 | S9: 의자식 | T9: 철근콘크리트 | V9: 2002 | AC9: 13588 | AF9: 1 | AG9: 72
B10: 대구 | C10: 소 계 | E10: =COUNTA(E11) -> 1 | J10: =SUM(J11) -> 50760 | K10: =SUM(K11) -> 297 | L10: =SUM(L11) -> 297 | N10: =SUM(N11) -> 72 | O10: =SUM(O11) -> 108 | P10: =SUM(P11) -> 7776 | R10: =SUM(R11) -> 1560
C11: 동구 | E11: 안심 하키장 | F11: 대구시 | H11: 대구환경공단 (동부사업소) | J11: 50760 | K11: 297 | L11: 297 | M11: 인조잔디 | N11: 72 | O11: 108 | P11: 7776 | R11: 1560 | T11: 야외 계단식 | V11: 2001 | AC11: 632
B12: 인천 | C12: 소 계 | E12: =COUNTA(E13:E14) -> 2 | J12: =SUM(J13:J14) -> 255935 | K12: =SUM(K13:K14) -> 6414 | L12: =SUM(L13:L14) -> 6762 | N12: =SUM(N13:N14) -> 122 | O12: =SUM(O13:O14) -> 197.5 | P12: =SUM(P13:P14) -> 12081.2 | R12: =SUM(R13:R14) -> 5138
C13: 미추홀구 | E13: 다목적경기장 (하키장) | F13: 인천시 | H13: 위탁 (인천시체육회) | J13: 13451 | K13: 239 | L13: 239 | M13: 인조잔디 | N13: 63 | O13: 101 | P13: 6388.2 | V13: 2005 | AC13: 1934
C14: 연수구 | E14: 선학하키경기장 | F14: 인천시 | H14: 위탁 (인천시체육회) | J14: 242484 | K14: 6175 | L14: 6523 | M14: 인조잔디 | N14: 59 | O14: 96.5 | P14: 5693 | R14: 5138 | V14: 2014
A15: 1 | B15: 경기 | C15: 소 계 | E15: =COUNTA(E16:E18) -> 3 | J15: =SUM(J16:J18) -> 44017 | K15: =SUM(K16:K18) -> 1294 | L15: =SUM(L16:L18) -> 6903 | N15: =SUM(N16:N18) -> 144 | O15: =SUM(O16:O18) -> 206 | P15: =SUM(P16:P18) -> 11546 | R15: =SUM(R16:R18) -> 3400
C16: 용인시 | D16: 경기도 용인시 기흥구 흥덕1로 43 | E16: 영덕레스피아 인라인하키장 | F16: 용인시 | G16: 용인시 기흥구청 (6193-6051) | H16: 용인시 | J16: 24000 | K16: 428 | L16: 428 | M16: 우레탄 | N16: 28 | O16: 15 | P16: 428 | V16: 2020
C17: 성남시 | D17: 경기도 성남시 중원구 성남동3110 | E17: 성남 하키장 | F17: 성남시 | G17: 종합운동장관리사무소031)729-5870 | H17: 성남도시개발공사 | I17: 1 | J17: 13255 | K17: 866 | L17: 6475 | M17: 인조잔디 | N17: 58 | O17: 100 | P17: 5840 | Q17: 1993 | R17: 2500 | S17: 의자식 | T17: 철근콘크리트 | V17: 1997 | W17: 9 | AC17: 900 | AX17: 종합운동장내
C18: 평택시 | D18: 경기도 평택시 합정동 산28 | E18: 소사벌레포츠 하키장 | F18: 평택시 | G18: 종합운동장관리사무소031)729-5870 | H18: 평택시(체육진흥과) | I18: 1 | J18: 6762 | M18: 인조잔디 | N18: 58 | O18: 91 | P18: 5278 | Q18: 1993 | R18: 900 | S18: 의자식 | T18: 철근콘크리트 | V18: 2007 | W18: 9 | AC18: 1100 | AY18: (수정) 시설명 수정
A19: 1 | B19: 강원 | C19: 소 계 | E19: =COUNTA(E20:E21) -> 2 | J19: =SUM(J20:J21) -> 38157 | K19: =SUM(K20:K21) -> 332.86 | L19: =SUM(L20:L21) -> 483.24 | N19: =SUM(N20:N21) -> 135 | O19: =SUM(O20:O21) -> 207 | P19: =SUM(P20:P21) -> 17344 | Q19: =SUM(Q20:Q21) -> 1600 | R19: =SUM(R20:R21) -> 1600 | AC19: =SUM(AC20:AC21) -> 9955
C20: 춘천시 | D20: 삼천동 83-2 | E20: 하키장 | F20: 춘천시 | G20: 춘천시 | H20: 춘천도시공사 | I20: 1 | J20: 21239 | K20: 151.86 | L20: 219.24 | M20: 인조잔디 | N20: 72 | O20: 102 | P20: 7344 | Q20: 800 | R20: 1000 | S20: 스텐드 5단 | T20: 철근콘크리트 | V20: 1996 (2008) | W20: 975백만원 | X20: 480백만원 | AC20: 1455 | AL20: 보조경기장 | AM20: 1 | AN20: 500 | AP20: 춘천시
C21: 동해시 | D21: 삼천동 83-2 | E21: 동해종합운동장 필드하키장 | F21: 동해시 | G21: 춘천시 | H21: 시설관리공단 | I21: 1 | J21: 16918 | K21: 181 | L21: 264 | M21: 인조잔디 | N21: 63 | O21: 105 | P21: 10000 | Q21: 800 | R21: 600 | S21: 스텐드 5단 | T21: 철근콘크리트 | V21: 2013 2017 | W21: 975백만원 | X21: 480백만원 | AC21: 8500
B22: 충북 | C22: 소 계 | E22: =COUNTA(E23:E24) -> 2 | J22: =SUM(J23:J24) -> 43662 | K22: =SUM(K23:K24) -> 247.5 | L22: =SUM(L23:L24) -> 1950 | N22: =SUM(N23:N24) -> 118 | O22: =SUM(O23:O24) -> 193.4 | P22: =SUM(P23:P24) -> 25098 | R22: =SUM(R23:R24) -> 1388
C23: 진천군 | D23: 광혜원면 구암리 676 | E23: 진천선수촌 하키장 | F23: 대한체육회 | H23: 국가대표선수촌 선수촌운영부 | J23: 12322 | L23: 953 | M23: 인조잔디 | N23: 55 | O23: 92 | P23: 12322 | R23: 388 | T23: 철근콘크리트 | V23: 2017 | AX23: 대한체육회 소관
C24: 제천시 | D24: 청풍면 문화재길 160 | E24: 청풍명월 국제하키장 | F24: 제천시 | G24: 시설관리사업소 043-641-6726 | H24: 제천시 | J24: 31340 | K24: 247.5 | L24: 997 | M24: 인조잔디 | N24: 63 | O24: 101.4 | P24: 12776 | R24: 1000 | T24: 철근콘크리트 | V24: 2004 | AC24: 5200
A25: 1 | B25: 충남 | C25: 소 계 | E25: =COUNTA(E26:E26) -> 1 | J25: =SUM(J26:J26) -> 14063 | K25: =SUM(K26:K26) -> 655 | L25: =SUM(L26:L26) -> 0 | N25: =SUM(N26:N26) -> 63 | O25: =SUM(O26:O26) -> 103 | P25: =SUM(P26:P26) -> 6489 | R25: =SUM(R26:R26) -> 560
C26: 아산시 | D26: 아산시 선장면 사부남로 293 | E26: 아산학선하키장 | F26: 아산시 | G26: 종합체육시설관리소(041-560-3821) | H26: 아산시 | I26: 3 | J26: 14063 | K26: 655 | L26: - | M26: 인조잔디 | N26: 63 | O26: 103 | P26: 6489 | R26: 560 | T26: 철근콘크리트 | V26: 2013 | AC26: 4600
B27: 전북 | C27: 소 계 | E27: =COUNTA(E28:E29) -> 2 | J27: =J28+J29 -> 266289 | K27: =K28+K29 -> 2841 | L27: =L28+L29 -> 2841
C28: 남원시 | D28: 남원시 충정로 341 | E28: 다목적 2구장 (롤러하키장) | F28: 남원시 | G28: 남원시 교육체육과(620-5619) | H28: 남원시 | I28: 6 | J28: 251442 | K28: 1617 | L28: 1617 | M28: 콘크리트 | P28: 1617 | T28: 철근콘크리트 | V28: 2018 | W28: 260870000 | AC28: 1250
C29: 김제시 | D29: 김제시 화동골1길 183 김제 하키장 | E29: 김제 하키장 | F29: 김제시 | G29: 김제시(540-4571) | H29: 김제시 | I29: 6 | J29: 14847 | K29: 1224 | L29: 1224 | M29: 인조잔디 | N29: 70 | O29: 100 | P29: 14847 | R29: 200 | T29: 철근콘크리트 | V29: 2022 | AC29: 3218
B30: 전남 | C30: 소 계 | E30: =COUNTA(E31:E32) -> 2 | J30: =SUM(J31:J32) -> 221560 | K30: =SUM(K31:K32) -> 5236 | L30: =SUM(L31:L32) -> 5236 | N30: =SUM(N31:N32) -> 118 | O30: =SUM(O31:O32) -> 190.8 | P30: =SUM(P31:P32) -> 11289 | R30: =SUM(R31:R32) -> 1000
C31: 목포시 | D31: 천안시 백석동 255-1 | E31: 국제필드하키장 | F31: 목포시 | G31: 종합체육시설관리소(041-560-3821) | H31: 목포시 | I31: /26 | J31: 214934 | K31: 209 | L31: 209 | M31: 인조잔디 | N31: 63 | O31: 99.4 | P31: 6262 | R31: 1000 | S31: 의자식 | T31: 철근콘크리트 | V31: 2008 | W31: 2147 | AC31: 2707
C32: 담양군 | E32: 담양하키장 | F32: 담양군 | H32: 담양군 | J32: 6626 | K32: 5027 | L32: 5027 | M32: 인조잔디 | N32: 55 | O32: 91.4 | P32: 5027 | V32: 2010 | AC32: 998
B33: 경남 | C33: 소 계 | E33: =COUNTA(E34) -> 1 | J33: =SUM(J34) -> 32725 | K33: =SUM(K34) -> 1966 | L33: =SUM(L34) -> 2520 | N33: =SUM(N34) -> 63 | O33: =SUM(O34) -> 101 | P33: =SUM(P34) -> 12726 | R33: =SUM(R34) -> 2800
A34: 1 | C34: 김해시 | D34: 삼방동 730 | E34: 김해시하키장 | F34: 김해시 | G34: 055-323-7313 | H34: 김해시 도시개발공사 | J34: 32725 | K34: 1966 | L34: 2520 | M34: 인조잔디 | N34: 63 | O34: 101 | P34: 12726 | Q34: 70 | R34: 2800 | S34: 계단식 | T34: 콘크리트 | V34: 2011 | W34: 1,550백만원 | AC34: 7970 | AL34: 하키 | AM34: 1면(보조) | AN34: 1750 | AO34: 인조잔디 | AP34: 김해시시설관리공단 | AX34: 2면

Sheet 4.야구장
B1: 4. 야구장 | S1: (단위 : ㎡, 백만원, 명)
A2: 일련번호 | B2: 시도 | C2: 시군구 | D2: 주소 | E2: 시설명 | F2: 소유기관 | G2: 운영조직 (연락처) | I2: 관리주체 | J2: 부지면적 | K2: 건축면적 | L2: 연면적 | M2: 경기장 | R2: 관람석 | V2: 국제규격 (O,X) | W2: 준공 연도 | X2: 건 설 사업비 | AE2: 개보수연도 | AG2: 부대시설 | AM2: 부대운동시설 | BB2: 비고
H3: 홈페이지주소 | M3: 바닥재료 | O3: 중앙 길이 | P3: 1,3루 길이 | Q3: 면적 | R3: 좌석수 | S3: 수용인원 | T3: 좌석형태 | U3: 건축구조 | AE3: 1차 | AF3: 2차 | AG3: 전광판 | AI3: 조명탑 | AL3: 기타 | AM3: 종목1 | AR3: 종목2 | AW3: 종목3
M4: 내야 | N4: 외야 | AG4: 개소수 | AH4: 설치비 | AI4: 개소수 | AJ4: 조도 | AK4: 설치비 | AM4: 종목 | AN4: 면수 | AO4: 면적 | AP4: 시설구성 | AQ4: 관리운영 | AR4: 종목 | AS4: 면수 | AT4: 면적 | AU4: 시설구성 | AV4: 관리운영 | AW4: 종목 | AX4: 면수 | AY4: 면적 | AZ4: 시설구성 | BA4: 관리운영
B5: 전국 | C5: 계 | E5: =COUNTA(E7:E29,E31:E41,E43:E58,E60:E68,E70:E80,E82:E88,E90:E94,E96:E102,E104:E184,E186:E218,E220:E236,E238:E263,E265:E288,E290:E320,E322:E355,E357:E394,E396:E403) -> 373 | J5: =SUM(J7:J29,J31:J41,J43:J58,J60:J68,J70:J80,J82:J88,J90:J94,J96:J102,J104:J184,J186:J218,J220:J236,J238:J263,J265:J288,J290:J320,J322:J355,J357:J394,J396:J403) -> 11201981 | K5: =SUM(K7:K29,K31:K41,K43:K58,K60:K68,K70:K80,K82:K88,K90:K94,K96:K102,K104:K184,K186:K218,K220:K236,K238:K263,K265:K288,K290:K320,K322:K355,K357:K394,K396:K403) -> 445118.36 | L5: =SUM(L7:L29,L31:L41,L43:L58,L60:L68,L70:L80,L82:L88,L90:L94,L96:L102,L104:L184,L186:L218,L220:L236,L238:L263,L265:L288,L290:L320,L322:L355,L357:L394,L396:L403) -> 1015631.1
B6: 서울 | C6: 소 계 | E6: =COUNTA(E7:E29) -> 23 | J6: =SUM(J7:J29) -> 335191 | K6: =SUM(K7:K29) -> 62492.3 | L6: =SUM(L7:L29) -> 177166
A7: 1 | C7: 중구 | E7: 장충리틀야구장 | F7: 서울시 | I7: 중부공원여가센터 | J7: 6004 | K7: 1490 | L7: 1532 | M7: 인조잔디 | N7: 인조잔디 | O7: 65 | P7: 62 | Q7: 3728 | R7: 623 | S7: 2500 | W7: 1972
C8: 성동구 | E8: 살곶이야구장 | F8: 성동구 | I8: 성동구도시관리공단 | J8: 7002 | K8: 7002 | L8: 7002 | M8: 인조잔디 | N8: 토사 | O8: 87 | Q8: 7002 | W8: 2015
A9: 2 | C9: 광진구 | E9: 구의야구공원 | F9: 서울시 | H9: 체육시설 관리사업소 | I9: 체육시설관리사업소 | J9: 29036 | K9: 334 | L9: 465 | M9: 인조잔디 | N9: 인조잔디 | O9: 120 | P9: 96 | Q9: 17330 | R9: 700 | S9: 1000 | W9: 2008 | AD9: 9300
C10: 중랑구 | D10: 중랑구 망우동 4 | E10: 신내차량기지 야구장 | F10: 서울 교통공사 | G10: 중랑구시설관리공단 | I10: 중랑구 시설관리공단 | J10: 5194 | L10: 5194 | M10: 인조잔디 | N10: 인조잔디 | O10: 84 | P10: 71 | Q10: 5194 | W10: 2017 | AD10: 878
C11: 노원구 | E11: 불암산스포츠타운 야구장 | F11: 서울시 | I11: 노원구서비스공단 | J11: 5400 | M11: 인조잔디 | N11: 인조잔디 | O11: 76 | P11: 71 | Q11: 5400 | R11: 150 | W11: 2009 | AD11: 1500 | BB11: 유소년, 여성용
C12: 노원구 | E12: 육사야구장 | F12: 국방부 | I12: 노원구 | J12: 9800 | M12: 인조잔디 | N12: 인조잔디 | O12: 102 | P12: 84.5 | Q12: 9800 | R12: 90 | W12: 2016 | AD12: 1650
C13: 노원구 | E13: 수락산스포츠타운 야구장 | F13: 노원구 | I13: 노원구서비스공단 | J13: 8482 | M13: 인조잔디 | N13: 인조잔디 | O13: 97 | P13: 78 | Q13: 8482 | W13: 2022
C14: 마포구 | E14: 한강공원 망원지구 야구장(임시) | F14: 서울시 | I14: 미래한강본부 | J14: 2475 | M14: 토사 | N14: 토사 | Q14: 2475 | W14: 2001
C15: 마포구 | E15: 한강공원 난지 야구장 | F15: 서울시 | I15: 미래한강본부 | J15: 19090 | K15: 40.3 | M15: 천연잔디 | N15: 천연잔디 | O15: 122 | P15: 98 | Q15: 19090 | W15: 2008 | AD15: 1700
C16: 양천구 | D16: 안양천길336 | E16: 목동 야구장 | F16: 서울시 | G16: 서울시시설관리사업소 | H16: stadium.seoul.go.kr | I16: 체육시설관리사업소 | J16: 16233 | K16: 3559 | L16: 19114 | M16: 인조잔디 | N16: 인조잔디 | O16: 120 | P16: 98 | Q16: 12674 | R16: 10600 | S16: 16000 | T16: 계단식 | W16: 1989 | X16: 8099 | AD16: 7900 | AE16: 1987-1989 | AG16: 전광판 | AI16: 조명탑
C17: 양천구 | E17: 신월 야구공원 | F17: 서울시 | H17: 체육시설 관리사업소 | I17: 체육시설관리사업소 | J17: 18947 | K17: 206 | L17: 289 | M17: 인조잔디 | N17: 인조잔디 | O17: 120 | P17: 96 | Q17: 19300 | R17: 300 | S17: 1000 | W17: 2008 | AD17: 500
C18: 양천구 | E18: 안양천 양구장 1, 2 | F18: 양천구 | I18: 양천구 | J18: 30000 | M18: 토사 | N18: 토사 | O18: 120 | P18: 96 | Q18: 26240 | W18: 1995 2018
C19: 구로구 | D19: 구로구 경인로 430 | E19: 고척스카이돔 야구장 | F19: 서울시 | I19: 서울시설공단 | J19: 58992 | K19: 29120 | L19: 83623 | M19: 인조잔디 | N19: 인조잔디 | O19: 122 | P19: 99 | Q19: 12447 | R19: 16670 | S19: 16670 | W19: 2015 | AD19: 194800
C20: 구로구 | D20: 구로동 621-8 | E20: 안양천 어린이야구연습장 | F20: 구로구 | I20: 구로구 | J20: 4125 | L20: 4125 | M20: 토사 | N20: 토사 | Q20: 4125 | W20: 2019 | AD20: 1500
C21: 영등포구 | E21: 안양천 영롱이 갈대야구장(일반) | F21: 영등포구 | I21: 영등포구시설관리공단 | J21: 8374 | M21: 토사 | N21: 토사 | O21: 103 | P21: 83 | Q21: 8374 | W21: 2019 | AD21: 650
C22: 영등포구 | E22: 안양천 영롱이 갈대야구장(리틀) | F22: 영등포구 | I22: 영등포구시설관리공단 | J22: 5425 | M22: 토사 | N22: 토사 | O22: 75 | P22: 70 | Q22: 5425 | W22: 2019 | AD22: 650
A23: 3 | C23: 동작구 | E23: 노량진야구장 | F23: 동작구 | I23: 동작구 | J23: 9300 | M23: 인조잔디 | N23: 인조잔디 | O23: 100 | P23: 93 | Q23: 9300 | W23: 2021
C24: 송파구 | D24: 잠실동10 | E24: 잠실 야구장 | F24: 서울시 | G24: 서울시시설관리사업소 | H24: stadium.seoul.go.kr | I24: 체육시설사업소 (위탁 : LG,두산) | J24: 45312 | K24: 20741 | L24: 45312 | M24: 천연잔디 | N24: 천연잔디 | O24: 125 | P24: 100 | Q24: 13918 | R24: 24278 | S24: 25000 | T24: 의자식 | W24: 1982 | X24: 12600 | AD24: 12600 | AE24: 1980-1982 | AG24: 전광판 | AI24: 조명탑
C25: 송파구 | D25: 서울특별시 송파구 잠실동 306 | E25: 잠실유수지체육시설 야구장 | F25: 송파구 | I25: 송파구체육회 | J25: 3630 | L25: 3630 | M25: 인조잔디 | N25: 인조잔디 | O25: 70 | P25: 68 | Q25: 3630 | R25: 100 | S25: 200 | W25: 2003 | BB25: 유소년야구장
C26: 송파구 | D26: 서울특별시 송파구 가락동 508 | E26: 탄천유수지체육시설 야구장 | F26: 송파구 | I26: 송파구체육회 | J26: 6880 | L26: 6880 | M26: 인조잔디 | N26: 인조잔디 | Q26: 6880 | W26: 2002
C27: 강동구 | E27: 고덕유수지 야구장 | F27: 강동구 | I27: 강동구 직영 | J27: 26700 | M27: 토사 | N27: 토사 | Q27: 8736 | W27: 2015
C28: 강동구 | E28: 한강공원 광나루지구 야구장(임시) | F28: 서울시 | I28: 미래한강본부 | J28: 3640 | M28: 토사 | N28: 토사 | O28: 40 | P28: 40 | Q28: 3640 | W28: 2008
C29: 강동구 | E29: 한강공원 광나루지구 야구장(임시) | F29: 서울시 | G29: 한강공원 광나루지구 야구장(임시) | H29: 서울시 | I29: 미래한강본부 | J29: 5150 | M29: 토사 | N29: 토사 | O29: 70 | P29: 58 | Q29: 5150 | W29: 2009 | Y29: 성인용
B30: 부산 | C30: 소 계 | E30: =COUNTA(E31:E41) -> 11 | J30: =SUM(J31:J41) -> 402148 | K30: =SUM(K31:K41) -> 12042 | L30: =SUM(L31:L41) -> 36620
A31: 1 | C31: 남구 | E31: 백운포체육공원 야구장 | F31: 부산시 | I31: 남구 | J31: 10253 | M31: 토사 | N31: 토사 | O31: 100 | P31: 90 | Q31: 10253 | W31: 2010
C32: 북구 | E32: 화명생태공원 야구장 | F32: 부산시 | I32: 낙동강관리본부 | J32: 22827 | M32: 토사 | N32: 토사 | O32: 125 | P32: 95 | Q32: 22827 | W32: 2010 | BB32: 2개(성인1, 리틀1)
C33: 북구 | E33: 화명생태공원 리틀야구장 | F33: 부산시 | I33: 낙동강관리본부 | J33: 9898 | M33: 토사 | N33: 토사 | O33: 80 | P33: 27 | Q33: 9898 | W33: 2018 | BB33: 1개(리틀1)
C34: 사하구 | D34: 부산광역시 사하구 하단동 1149-1 | E34: 을숙도리틀야구장 | F34: 사하구 | G34: 체육홍보과(220-5855) | I34: 사하구 | J34: 7819 | K34: 51 | L34: 51 | M34: 인조잔디 | N34: 인조잔디 | O34: 70 | P34: 66 | Q34: 4266 | R34: 0 | S34: 0 | W34: 2012
C35: 강서구 | E35: 맥도생태공원 야구장 | F35: 부산시 | I35: 낙동강관리본부 | J35: 11600 | M35: 토사 | N35: 토사 | O35: 110 | P35: 90 | Q35: 11600 | W35: 2006 | BB35: 1개(성인1)
C36: 강서구 | E36: 대저생태공원 야구장 | F36: 부산시 | I36: 낙동강관리본부 | J36: 13790 | M36: 토사 | N36: 토사 | O36: 110 | P36: 90 | Q36: 13790 | W36: 2012 | BB36: 2개(성인2)
C37: 연제구 | D37: 사직2동 930 | E37: 사직종합운동장 야구장 | F37: 부산시 | G37: 체육시설관리사업소 종합운동장 (051-504-8001) | H37: www.stadium.busan.kr | I37: 체육시설관리사업소 | J37: 50407 | K37: 9867 | L37: 36406 | M37: 천연잔디 | N37: 천연잔디 | O37: 118 | P37: 95 | Q37: 12790 | R37: 27500 | S37: 48400 | T37: 의자식 | U37: 철골철근콘크리트 | W37: 1985 | Y37: 13564 | AD37: 13564 | AE37: 2001 | AF37: 2002 | AG37: 1(33.0＊11.3) | AH37: 2859 | AI37: 6 | AJ37: 2678 | AK37: 289 | AL37: 식당, 매점, 공중전화
C38: 사상구 | E38: 삼락생태공원 야구장 | F38: 부산시 | G38: 체육시설관리사업소 구덕운동장 (051-247-5771) | H38: www.stadium.busan.kr | I38: 낙동강관리본부 | J38: 48600 | M38: 토사 | N38: 토사 | O38: 110 | P38: 90 | Q38: 48600 | T38: 계단식 | U38: 철근콘크리트 | W38: 2012 | Y38: 505 | AE38: 1978 | AF38: 1983 | AG38: 1(24.0＊10.1) | AH38: 335 | AI38: 6 | AJ38: 600 | AK38: 경기장 건립시 설치 | AL38: 매점, 공중전화 | BB38: 6개(성인5, 리틀1)
C39: 기장군 | E39: 드림볼 파크 | F39: 기장군 | I39: 기장군도시관리공단 | J39: 196515 | K39: 1530 | M39: 인조잔디 3 천연잔디 1 | N39: 인조잔디 3 천연잔디 1 | Q39: 41573 | R39: 1122 | S39: 1122 | W39: 2016
C40: 기장군 | E40: 장안천야구장 | F40: 기장군 | I40: 기장군도시관리공단 | J40: 15698 | K40: 431 | M40: 인조잔디 | N40: 인조잔디 | O40: 110 | P40: 90 | Q40: 15698 | R40: 400 | S40: 400 | W40: 2012
C41: 기장군 | E41: 리틀야구장 및 소프트볼구장 | F41: 기장군 | I41: 기장군도시관리공단 | J41: 14741 | K41: 163 | L41: 163 | M41: 인조잔디 | N41: 인조잔디 | O41: 67 | P41: 65 | Q41: 4,889 4,182 | R41: 172 172 | S41: 172 172 | W41: 2017 | AD41: 3913 | BB41: 2개(성인1, 리틀1)
B42: 대구 | C42: 소 계 | E42: =COUNTA(E43:E58) -> 16 | J42: =SUM(J43:J58) -> 544293 | K42: =SUM(K43:K58) -> 29912 | L42: =SUM(L43:L58) -> 120244
A43: 1 | C43: 동 구 | D43: 북구 고성3가2 | E43: 봉무리틀야구장 | F43: 대구시 | G43: 대구광역시체육시설관리사무소 | H43: http://sports.daegu.go.kr | I43: 체육시설관리부 (위탁:대구공공시설관리공단) | J43: 5000 | M43: 토사 | N43: 토사 | O43: 70 | P43: 65 | Q43: 4250 | R43: 9292 | S43: 10000 | T43: 의자식 | U43: 철근콘크리트슬라브 | W43: 2013 | Y43: 1,597백만원 | AD43: 200 | AE43: 1980∼1988 | AG43: 1 | AH43: 1,760백만원 | AI43: 6 | AJ43: 1,000∼1,400lux | BB43: 1면
C44: 동구 | D44: 동구 불로동 886-4 | E44: 불로둔치야구장 | F44: 동구 | I44: 동구 체육진흥과 (직영) | J44: 8755 | M44: 인조잔디 | N44: 토사 | O44: 98 | P44: 87 | Q44: 8775 | R44: 0 | S44: 0 | W44: 2017 | AD44: 49 | AE44: 2021 | BB44: 1면
C45: 수성구 | E45: 대구삼성라이온즈파크 | F45: 대구시 | I45: 체육시설관리부 | J45: 150868 | K45: 22666 | L45: 46943 | M45: 천연잔디 | N45: 천연잔디 | O45: 122 | P45: 100 | Q45: 11978 | R45: 24068 | S45: 29000 | W45: 2016 | AD45: 160000
C46: 수성구 | D46: 수성구 매호동 203 | E46: 고산구민운동장 야구장 | F46: 수성구 | G46: 체육진흥과 | I46: 수성구 | J46: 48236 | M46: 인조잔디 | N46: 인조잔디 | Q46: 11205 | W46: 2024 | AI46: 6
C47: 북 구 | D47: 북구 고성3가2 | E47: 대구시민운동장 야구장 | F47: 대구시 | G47: 대구광역시체육시설관리사무소 | H47: http://sports.daegu.go.kr | I47: 체육시설관리부 | J47: 27924 | K47: 1246 | L47: 2163 | M47: 인조잔디 | N47: 인조잔디 | O47: 114 | P47: 98 | Q47: 13560 | R47: 645 | S47: 10000 | T47: 의자식 | U47: 철근콘크리트슬라브 | W47: 1948 | Y47: 1,597백만원 | AD47: 1597 | AE47: 1980∼1988 | AG47: 1 | AH47: 1,760백만원 | AI47: 6 | AJ47: 1,000∼1,400lux
C48: 북 구 | E48: 강변 리틀야구장 | F48: 대구시 | I48: 체육시설관리부 | J48: 7996 | M48: 인조잔디 | N48: 인조잔디 | O48: 85 | P48: 70 | Q48: 7396 | R48: 204 | W48: 2008 | AD48: 120
C49: 북 구 | E49: 강변제2리틀야구장 | F49: 대구시 | I49: 체육시설관리부 | J49: 6500 | K49: 6000 | L49: 6000 | M49: 천연잔디 | N49: 천연잔디 | O49: 14.63 | P49: 21.34 | Q49: 4000 | W49: 2017 | AD49: 160
A50: 2 | C50: 북 구 | E50: 검단동 리틀야구장 | F50: 북구 | G50: 북구 | H50: 북구 | I50: 북구 체육진흥과(직영) | J50: 8500 | M50: 마사토 | N50: 마사토 | O50: 75 | P50: 70 | Q50: 7000 | R50: 0 | W50: 2017 | AD50: 80
C51: 북 구 | E51: 검단동 강변야구장 | F51: 북구 | G51: 북구 | H51: 북구 | I51: 북구 체육진흥과(직영) | J51: 17000 | M51: 마사토 | N51: 마사토 | O51: 101 | P51: 94 | Q51: 14540 | R51: 0 | W51: 2016 | AD51: 120
C52: 달성군 | E52: 방천리야구장 | F52: 대구시 | I52: 체육시설관리부 (위탁:대구공공시설관리공단) | J52: 56603 | M52: 마사토 | N52: 마사토 | O52: 99 | P52: 90 | Q52: 38617 | W52: 2017 | AD52: 2177 | BB52: 1종 2면, 3종 3면, 리틀 1면
C53: 달성군 | E53: 하빈지구 야구장 | F53: 달성군 | H53: www.daegu.go.kr | I53: 달성군 (위탁:달성군시설관리공단) | J53: 12910 | L53: 12910 | M53: 토사 | N53: 토사 | O53: 114 | P53: 95 | Q53: 12910 | W53: 2012 | BB53: 2면
C54: 달성군 | E54: 세천리틀야구장 | F54: 대구시 | I54: 체육시설관리부 (위탁:대구공공시설관리공단) | J54: 9200 | M54: 토사 | N54: 토사 | O54: 65 | P54: 61 | W54: 2014 | AD54: 353 | BB54: 리틀야구장 2면
C55: 달성군 | E55: 세천강변야구장 | F55: 대구시 | I55: 체육시설관리부 (위탁:대구공공시설관리공단) | J55: 8800 | L55: 6800 | M55: 토사
A56: 2 | C56: 달성군 | E56: 달성강변야구장 | F56: 달성군 | I56: 달성군 (위탁:달성군시설관리공단) | J56: 151000 | L56: 45428 | M56: 토사, 잔디마사 토, 인조잔디 | N56: 토사, 잔디 마사토 | O56: 97 | P56: 90 | Q56: 45428 | W56: 2013 | X56: 1200 | AD56: 1200 | BB56: 인조잔디3면, 마사토1면
C57: 군위군 | E57: 삼국유사 제1야구장 | F57: 군위군 | I57: 군위군 시설관리사업소 | J57: 12501 | M57: 인조잔디 | N57: 인조잔디 | O57: 120 | P57: 97 | Q57: 12501 | W57: 2017 | X57: 1200 | AD57: 2500
C58: 군위군 | E58: 삼국유사 제2야구장 | F58: 군위군 | I58: 군위군 시설관리사업소 | J58: 12500 | M58: 인조잔디 | N58: 인조잔디 | O58: 120 | P58: 97 | Q58: 12500 | W58: 2022 | X58: 1200 | AD58: 1800
A59: 인천 | B59: 인천 | C59: 소 계 | E59: =COUNTA(E60:E68) -> 9 | J59: =SUM(J60:J68) -> 842328.5 | K59: =SUM(K60:K68) -> 29482.58 | L59: =SUM(L60:L68) -> 48947.61
C60: 미추홀구 | E60: 문학경기장 야구장 | F60: 인천시 | G60: 인천시시설관리공단 | H60: www.munhak.or.kr | I60: 위탁 (주식회사 신세계야구단) | J60: 441628 | K60: 22932 | L60: 41901 | M60: 천연잔디 | N60: 천연잔디 | O60: 120 | P60: 95 | Q60: 13741 | R60: 30500 | S60: 30500 | T60: 의자식 | U60: 철근콘크리트 | W60: 2002 | Y60: 60200 | AD60: 60200 | AG60: 1 | AH60: 3500 | AI60: 1 | AJ60: 2300lux,1800lux | AK60: 4900 | AM60: X게임장 | AO60: 204.98 | AQ60: 유스센터 | BB60: x게임장 유스센터
C61: 연수구 | E61: 송도LNG종합스포츠타운 (실내연습장) | F61: 인천시 | I61: 위탁 (인천시체육회) | J61: 98879.5 | K61: 4929.33 | L61: 4974.83 | M61: 인조잔디 | N61: 인조잔디 | O61: 65.1 | P61: 55.08 | Q61: 3585.7 | W61: 2010 | AD61: 24705
C62: 연수구 | E62: 송도LNG종합스포츠타운 (야구 주경기장) | F62: 인천시 | I62: 위탁 (인천시체육회) | J62: 123386 | K62: 707.05 | L62: 1544.58 | M62: 인조잔디 | N62: 인조잔디 | O62: 120 | P62: 95 | Q62: 12335 | R62: 1376 | S62: 1376 | W62: 2010
C63: 연수구 | E63: 송도LNG종합스포츠타운 (야구 보조경기장) | F63: 인천시 | I63: 위탁 (인천시체육회) | K63: 82.2 | L63: 82.2 | M63: 인조잔디 | N63: 인조잔디 | O63: 120 | P63: 95 | Q63: 12487 | W63: 2010 | BB63: 주 경기장에 포함
C64: 연수구 | E64: LNG4지구 야구장 | F64: 인천시 | I64: 위탁 (인천시체육회) | J64: 90341 | M64: 마사토 | N64: 마사토 | O64: 114 | P64: 80 | Q64: 13068 | W64: 2011 | AD64: 790 | BB64: 야구장 5면 연습장 1면
C65: 계양구 | E65: 계양 야구장 | F65: 계양구 | I65: 위탁 (계양구체육회) | J65: 21322 | M65: 마사토 | N65: 마사토 | O65: 100 | P65: 90 | Q65: 6358 | W65: 2020 | AD65: 2000
C66: 계양구 | E66: 갈현체육공원 야구장 | F66: 계양구 | I66: 위탁 (계양구체육회) | J66: 45895 | K66: 832 | L66: 445 | M66: 인조잔디 | N66: 인조잔디 | O66: 110 | P66: 91 | Q66: 11282 | W66: 2021 | AD66: 16136
C67: 남동구 | E67: 주적체육공원 리틀야구장 | F67: 남동구 | I67: 남동구 | J67: 8200 | M67: 인조잔디 | N67: 인조잔디 | O67: 100 | P67: 78 | Q67: 7860 | W67: 2014
C68: 강화군 | E68: 신정체육시설 야구장 | F68: 강화군 | I68: 강화군 | J68: 12677 | M68: 마사토 | N68: 천연잔디 | O68: 120 | P68: 90 | Q68: 11836 | R68: 104 | S68: 104 | W68: 2019 | AD68: 10300
B69: 광주 | C69: 소 계 | E69: =COUNTA(E70:E80) -> 11 | J69: =SUM(J70:J80) -> 199546 | K69: =SUM(K70:K80) -> 27481 | L69: =SUM(L70:L80) -> 61109 | T69: 0 | U69: 0 | X69: 0 | Y69: 3167 | Z69: 500 | AA69: 0 | AB69: 0 | AC69: 0
C70: 서구 | D70: 덕흥동 146번지 | E70: 덕흥동 야구장 | F70: 서구 | G70: 서구시설관리공단 (062-601-6066) | H70: www.gwangju.go.kr | I70: 위탁 (서구 시설관리공단) | J70: 13782 | M70: 마사토 | N70: 천연잔디 | O70: 100 65 | P70: 90 62 | Q70: 9,232 4,550 | T70: 의자식 | U70: 철근콘크리트 | V70: O | W70: 2011 2018 | X70: 99 400 | Y70: 800 | Z70: 295 | AD70: 99 400 | AE70: 2009 | AF70: 2021 | BB70: 2면
C71: 북구 | D71: 임동 316번지 | E71: 무등야구장 | F71: 광주시 | G71: 광주시체육회 (062-604-3312) | H71: www.gwangju.go.kr | I71: 위탁 (광주시체육회) | J71: 35997 | K71: 11416 | L71: 3463 | M71: 천연잔디 | N71: 천연잔디 | O71: 120 | P71: 99 | Q71: 11494 | R71: 9800 | S71: 9800 | T71: 의자식 | U71: 철근콘크리트 | W71: 1965 | Y71: 660백만원 | AD71: 660 | AE71: 1983년 | AF71: 1988년 | BB71: U대회 경기전 관람석 4,072석(외야) 철거
C72: 북구 | D72: 서림로 10 | E72: 광주-기아챔피언스필드 | F72: 광주시 | G72: 기아타이거즈 (070-7686-8039) | I72: 기아타이거즈 | J72: 52639 | K72: 16065 | L72: 57646 | M72: 천연잔디 | N72: 천연잔디 | O72: 122 | P72: 99 | Q72: 12590 | R72: 20639 | S72: 27000 | W72: 2014 | AD72: 99400 | BB72: 시설개선공사로 좌석감소('15.12.18. 22,005석 → 20,639석 / 감 1,366)
C73: 북구 | D73: 북구 용두동 843-2 | E73: 용두야구장 | F73: 북구 | G73: 북구 시설관리공단 (062-524-0873) | I73: 북구 | J73: 9800 | M73: 마사토 | N73: 마사토 | O73: 121.92 | P73: 99 | Q73: 9800 | W73: 2021 | BB73: 1면
C74: 북구 | D74: 북구 신용동 206 | E74: 첨단야구장 | F74: 북구 | G74: 북구 시설관리공단 (062-524-0873) | I74: 북구 | J74: 8503 | M74: 마사토 | N74: 마사토 | O74: 121.92 | P74: 99 | Q74: 9800 | W74: 2021 | BB74: 1면
C75: 북구 | D75: 북구 용전동 566 (용산교 아래) | E75: 용산야구장 | F75: 북구 | G75: 북구 시설관리공단 (062-524-0873) | I75: 북구 | J75: 9800 | M75: 마사토 | N75: 마사토 | O75: 121.92 | P75: 99 | Q75: 9800 | W75: 2003 | BB75: 2면
C76: 북구 | D76: 북구 동림동 779 | E76: 동림야구장 | F76: 북구 | G76: 북구 시설관리공단 (062-524-0873) | I76: 북구 | J76: 9340 | M76: 마사토 | N76: 마사토 | O76: 122 | P76: 99 | Q76: 9340 | W76: 2021
C77: 북구 | D77: 북구 동림동 104 | E77: 산동교 친수지구 야구장 | F77: 북구 | G77: 북구 시설관리공단 (062-524-0873) | I77: 북구 | J77: 7350 | M77: 마사토 | N77: 마사토 | O77: 75 | P77: 65 | Q77: 7350 | T77: 콘크리트 | U77: 2009 | W77: 2009 | AC77: 300 | BB77: 1면
C78: 광산구 | D78: 산월동 68번지 | E78: 첨단종합운동장 야구장 | F78: 광산구 | G78: 광산구시설관리공단 (062-960-9922) | I78: 위탁 (광산구시설관리공단) | J78: 24200 | M78: 토사 | N78: 토사 | O78: 113 | P78: 104 | Q78: 19491 | W78: 2009 2013 | AD78: 52 347 | BB78: 2면
C79: 광산구 | D79: 운남동 12번지 | E79: 운남생활체육시설단지 야구장 | F79: 광산구 | G79: 광산구시설관리공단 (062-960-9922) | I79: 위탁 (광산구시설관리공단) | J79: 18700 | M79: 토사 | N79: 토사 | O79: 97 | P79: 97 | Q79: 22545 | W79: 2014 | AD79: 200 | BB79: 3면
C80: 광산구 | D80: 등임동 60번지 | E80: 광산 어린이야구장 | F80: 광산구 | G80: 광산구시설관리공단 (062-960-9922) | I80: 위탁 (광산구시설관리공단) | J80: 9435 | M80: 토사 | N80: 인조잔디 | Q80: 9435 | W80: 2023 | BB80: 1면
B81: 대전 | C81: 소 계 | E81: =COUNTA(E82:E88) -> 7 | J81: =SUM(J82:J88) -> 5788.23 | K81: =SUM(K82:K88) -> 17256.81 | L81: =SUM(L82:L88) -> 0
A82: 1 | C82: 중구 | D82: 대종로 373 | E82: 한밭야구장 | F82: 대전시 | G82: 한화이글스(255-6494) | H82: 위탁 (한화이글스) | I82: - | J82: 5761.23 | K82: 8168.81 | L82: 천연잔디 | M82: 천연잔디 | N82: 120 | O82: 100 | P82: 12015 | Q82: 13732 | R82: 13732 | S82: 의자식 | T82: 철근 콘크리트 | V82: 1964 | X82: 3167 | Y82: 500 | AC82: 3667 | AD82: 2000 | AE82: 2002 | AF82: 1 | AG82: 2000 | AH82: 6개소 | AI82: 1,500lux | AJ82: 1000 | BA82: 부지면적은 한밭주경기장 포함
C83: 중구 | E83: 중촌근린공원 리틀야구장 | F83: 대전시 | H83: 위탁 (시설관리공단) | I83: 6572.53 | L83: 인조잔디 | M83: 마사토 | N83: 75 | O83: 70 | P83: 6572.53 | V83: 2022 | AC83: 800 | BA83: 23년부터 운영
C84: 서구 | E84: 서구야구장 | F84: 서구 | H84: 위탁 (서구야구협회) | I84: 7584 | L84: 인조잔디 | M84: 토사 | N84: 80 | O84: 70 | P84: 7584 | V84: 2021 | AC84: 300 | BA84: 1면
C85: 대덕구 | E85: 덕암야구장 | F85: 국가철도공단 | H85: 대덕구 | I85: 9043 | J85: 27 | K85: 9088 | L85: 토사 | M85: 토사 | N85: 120 | O85: 95 | P85: 9043 | V85: 2014 | AC85: 422
C86: 유성구 | E86: 유성구사회인야구장 | F86: 유성구 | G86: 유성구체육회 (042-823-5007) | H86: 위탁 (유성구체육회) | I86: 9000 | L86: 토사 | M86: 토사 | N86: 100 | O86: 85 | P86: 9000 | R86: 52 | V86: 2019 | AC86: 60 | BA86: 1면
C87: 유성구 | E87: 하수처리장 사회인야구장 | F87: 대전시 | H87: 위탁 (시설관리공단) | I87: 13600 | L87: 토사 | M87: 천연잔디 | P87: 13600 | V87: 2020 | AC87: 200 | BA87: 2면
C88: 유성구 | E88: 갑천고수부지 사회인야구장 | F88: 대전시 | H88: 위탁 (시설관리공단) | I88: 13500 | L88: 토사 | M88: 천연잔디 | P88: 13500 | V88: 2020 | AC88: 200 | BA88: 2면
B89: 울산 | C89: 소 계 | E89: =COUNTA(E90:E94) -> 5 | J89: =SUM(J90:J94) -> 110196 | K89: =SUM(K90:K94) -> 7118 | L89: =SUM(L90:L94) -> 15600
A90: 울산 | C90: 남구 | D90: 남구 문수로 44 | E90: 문수야구장 | F90: 울산시 | G90: 울산시설공단 (052-220-2100) | H90: www.hanwhaeagles.co.kr | I90: 울산시설공단 | J90: 62987 | K90: 7118 | L90: 15600 | M90: 인조잔디 | N90: 인조잔디 | O90: 122 | P90: 101 | Q90: 13560 | R90: 12048 | S90: 12048 | T90: 의자식 | U90: 철근 콘크리트 | V90: x | W90: 2014 | X90: 17576 | AD90: =X90+Y90+Z90+AA90+AB90+AC90 -> 17576 | AG90: 1 | AH90: 1480 | AI90: 6개소 | AJ90: 2,000lux | AK90: 1000
C91: 중구 | D91: 중구 성안동 631 | E91: 중구야구장 | F91: 중구 | H91: www.hanwhaeagles.co.kr | I91: 중구도시관리공단 | J91: 20281 | K91: 0 | L91: 0 | M91: 인조잔디 | N91: 인조잔디 | O91: 122 | P91: 99 | Q91: 20281 | R91: 240 | S91: 240 | T91: 의자식 | U91: 철근 콘크리트 | W91: 2022 | Y91: 3167 | Z91: 500 | AD91: 7300 | AE91: 2000 | AF91: 2002 | AG91: 1 | AH91: 2000 | AI91: 6개소 | AJ91: 1,500lux | AK91: 1000 | BC91: 순서 이동
C92: 남구 | D92: 남구 장생포고래로 250 | E92: 장생포야구장 | F92: 남구 | I92: 남구도시관리공단 | J92: 8924 | M92: 인조잔디 | N92: 인조잔디 | O92: 120 | P92: 90.92 | Q92: 8924 | W92: 2011 | X92: 2092 | AD92: 2092
C93: 남구 | D93: 남구 용연로 184 | E93: 성암공원야구장 | F93: 남구 | I93: 남구도시관리공단 | J93: 13030 | M93: 인조잔디 | N93: 인조잔디 | O93: 100 | P93: 90.7 | Q93: 6580 | W93: 2010 | X93: 993 | AD93: 996
C94: 동구 | D94: 동구 미포산업로 145 | E94: 동구야구장 | F94: 동구 | I94: 울산동구체육회 | J94: 4974 | M94: 인조잔디 | N94: 인조잔디 | O94: 80 | P94: 77 | Q94: 4974 | W94: 2015 | X94: 976 | AD94: 976
B95: 세종 | C95: 소 계 | E95: =COUNTA(E96:E102) -> 7 | J95: =SUM(J96:J102) -> 71427 | K95: =SUM(K96:K102) -> 0 | L95: =SUM(L96:L102) -> 0
C96: 세종시 | D96: 세종특별자치시 연서면 월하리 218-2 | E96: 세종제1야구장 | F96: 세종시 | G96: 세종시설관리공단(044-850-4277) | I96: 시설관리사업소 | J96: 12447 | M96: 인조잔디 | N96: 인조잔디 | O96: 110 | P96: 95 | Q96: 9800 | W96: 2013 | AD96: 630
C97: 세종시 | D97: 세종특별자치시 세종동 26-118 | E97: 한글공원 SJ야구장 | F97: 세종시 | G97: 물관리정책과 | I97: 물관리정책과 | J97: 10772 | M97: 마사토 | N97: 마사토 | O97: 105 | P97: 90 | Q97: 10772 | W97: 2014
C98: 세종시 | D98: 세종특별자치시 부강면 부강금호로 170 | E98: 부강생활체육공원 야구장 | F98: 세종시 | G98: 세종시설관리공단(044-850-4277) | I98: 시설관리사업소 | J98: 17500 | M98: 인조잔디 | N98: 인조잔디 | O98: 120 | P98: 95 | Q98: 12000 | W98: 2017 | AD98: 4000 | BB98: 체육공원 전체 사업비임
C99: 세종시 | D99: 세종특별자치시 세종동 551-106 | E99: 금강스포츠공원 1단계 야구장 | F99: 세종시 | G99: 세종시설관리공단(044-850-4277) | I99: 시설관리사업소 | J99: 11126 | M99: 인조잔디 | N99: 인조잔디 | O99: 110 | P99: 90 | Q99: 11000 | W99: 2017 | AD99: 4000 | BB99: 체육공원 전체 사업비임
C100: 세종시 | D100: 세종특별자치시 다정동 640 | E100: 다정동저류지 야구장 | F100: 세종시 | G100: 세종시설관리공단(044-850-4277) | I100: 시설관리사업소 | J100: 5300 | M100: 인조잔디 | N100: 인조잔디 | O100: 80 | P100: 65 | Q100: 4600 | R100: 504 | S100: 504 | W100: 2017
...

Sheet 5.싸이클경기장
B1: 5. 싸이클경기장 | X1: (단위 : ㎡, 백만원, 명)
A2: 일련번호 | B2: 시도 | C2: 시군구 | D2: 주소 | E2: 시설명 | F2: 소유기관 | G2: 운영조직 (연락처) | I2: 관리주체 | J2: 관리인원 | K2: 이용단체명 | L2: 부지면적 | M2: 건축면적 | N2: 연면적 | O2: 경기장 | W2: 관람석 | AA2: 공인등급 (승인연도) | AB2: 국제규격 (O,X) | AC2: 준공 연도 | AD2: 건 설 사업비 | AK2: 개보수연도 | AM2: 부대시설 | AS2: 부 대 운동시설 | BH2: 비고
H3: 홈페이지주소 | O3: 트랙 | S3: 트랙내부 | W3: 좌석수 | X3: 수용 인원 | Y3: 좌석형태 | Z3: 건축구조 | AK3: 1차 | AL3: 2차 | AM3: 전광판 | AO3: 조명탑 | AR3: 기타 | AS3: 종목1 | AX3: 종목2 | BC3: 종목3
O4: 바닥 재료 | P4: 주로 연장 | Q4: 주로폭 | R4: 주로면적 | S4: 바닥재료 | T4: 폭 | U4: 길이 | V4: 이용현황 | AM4: 개소수 | AN4: 설치비 | AO4: 개소수 | AP4: 조도 | AQ4: 설치비 | AS4: 종목 | AT4: 면수 | AU4: 면적 | AV4: 시설구성 | AW4: 관리운영 | AX4: 종목 | AY4: 면수 | AZ4: 면적 | BA4: 시설구성 | BB4: 관리운영 | BC4: 종목 | BD4: 면수 | BE4: 면적 | BF4: 시설구성 | BG4: 관리운영
B5: 전국 | C5: 계 | E5: =COUNTA(E6,E7,E8,E9,E10,E11,E12:E12,E13,E14,E15,E16) -> 11 | L5: =SUM(L6:L16) -> 496536 | M5: =SUM(M6:M16) -> 69423.45 | N5: =SUM(N6:N16) -> 108032.8
B6: 서울 | C6: 송파구 | E6: 잠실 경륜장 | F6: 국민체육 진흥공단 | I6: 경륜운영본부 | L6: 10672 | M6: 7639 | N6: 10672 | O6: 목재 | P6: 333.3 | Q6: 7 | R6: 3753 | W6: 10042 | X6: 10042 | AC6: 1986 | AJ6: 14000 | BH6: 올림픽공원 내 위치
A7: 1 | B7: 부산 | C7: 금정구 | E7: 부산시설공단 스포원 경륜경기장 | F7: 부산시 | G7: 051-550-1541 | H7: www.bcr.or.kr | I7: 위탁 (부산시설공단) | J7: 15 | K7: 제한없음 | L7: 31861 | M7: 19867 | N7: 38942 | O7: 아스콘 | P7: 333.3 | Q7: 9 | R7: 3000 | T7: 58 | U7: 65 | W7: 4545 | X7: 20000 | Y7: 의자식 | Z7: 철골 철근콘크리트 | AA7: 1 | AC7: 2002 | AJ7: 75200 | AM7: 2(9.88＊11.48) | AR7: 식당, 매점, 공중전화
A8: 1 | B8: 대구 | C8: 수성구 | E8: 만촌 자전거경기장 | F8: 대구시 | G8: 대구광역시체육시설관리사무소 | H8: http://sports.daegu.go.kr | I8: 체육시설관리부 (대구시자전거연맹) | J8: 5 | K8: 대구시싸이클연맹 선수단 | L8: 46972 | M8: 1929 | N8: 1157 | O8: 시멘트 | P8: 333.3 | Q8: 9 | R8: 10891 | T8: 9 | U8: 333.3 | W8: 1500 | X8: 2000 | Y8: 계단식 | Z8: 철근콘크리트 | AA8: 공인 1종 | AC8: 1984 | AE8: 1,550백만원 | AJ8: 1550
B9: 인천 | C9: 계양구 | E9: 인천 국제벨로드롬 | F9: 인천시 | I9: 위탁(인천시설공단) | L9: 59356 | M9: 2282 | N9: 3725 | O9: 아스콘 | P9: 333.33 | Q9: 7 | W9: 1508 | X9: 1508 | Y9: 252 | AC9: 2006 | AD9: 2006 | AK9: 22700
A10: 대전 | B10: 대전 | C10: 서 구 | D10: 신갈마로 55-3 | E10: 월평 사이클경기장 | F10: 대전시 | G10: 시설관리공단(253-4182) | H10: www.djsiseol.or.kr | I10: 시설관리공단 | J10: 65 | K10: 사이클연맹, 경륜선수 | L10: 59499 | M10: 664 | N10: 903 | O10: 피스타 | P10: 333.3 | Q10: 7.5 | R10: 9276 | S10: 천연잔디, 투스콘 | V10: 선수연습장 | W10: 2540 | X10: 3000 | Y10: 의자식 | Z10: 철근콘크리트 | AA10: 1급(2003) | AC10: 1994 | AE10: 3153 | AF10: 2177 | AJ10: 5330 | AK10: 2001 | AM10: 1 | AN10: 207
A11: 1 | B11: 경기 | C11: 의정부시 | D11: 경기도 의정부시 체육로 90 | E11: 의정부시 사이클 경기장 | F11: 의정부시 | G11: 체육시설관리사무소031)828-4637 | H11: http://www.ui4u.net/city/html/ division/division08_02.html | I11: 의정부시도시공사 | J11: 12 | L11: 25456 | M11: 6372 | N11: 1292 | O11: 콘크리트 | P11: 333.33 | Q11: 7.5 | R11: 2401.58 | S11: 콘크리리트 | T11: 44 | U11: 119 | W11: 1988 | X11: 3000 | Y11: 의자식 | Z11: 콘크리리트 | AA11: 국내1급(2003.11.18) | AC11: 1989 | AD11: 997 | AE11: 1410 | AF11: 700 | AJ11: 3107 | AM11: (8500x3000) 1개소 | AS11: 로울러스케이트장 | AU11: 750
B12: 강원 | C12: 양양군 | E12: 양양 싸이클경기장 | F12: 양양군 | G12: 춘천시 | I12: 양양군 | J12: 1 | L12: 82346 | M12: 1702 | N12: 4071 | O12: 아스콘 | P12: 333.33 | Q12: 9 | R12: 3332 | S12: 세멘트 | T12: 6.5 | U12: 333.33 | W12: 1350 | X12: 1500 | Y12: 24단스탠드, 의자식 | Z12: 철근콘크리트 | AA12: 1급(1991) | AC12: 2012 | AD12: 732 | AF12: 500 | AJ12: 23900
A13: 1 | B13: 충북 | C13: 음성군 | D13: 음성읍 읍내리 470 | E13: 음성 사이클경기장 | F13: 음성군 | G13: 문화공보과(871-3075) | H13: www.es21.net | I13: 음성군 | J13: 1 | K13: 음성고교, 음성여중 사이클팀 | L13: 64948 | M13: 2127 | N13: 2249 | O13: 콘크리트 | P13: 500 | Q13: 7.5 | R13: 3750 | S13: 콘크리트 | T13: 2.5 | U13: 500 | W13: 7000 | X13: 7000 | Y13: 계단식 | Z13: 철근콘크리트 | AA13: 1등급(1990) | AC13: 1990 | AD13: 1217 | AE13: 1121 | AF13: 600 | AJ13: 3938 | AK13: 2003 (트랙 전면 개보수) | AM13: 1개소(17.4m*6.2m) | AN13: 870 | BH13: 음성종합운동장 내 위치
A14: 1 | B14: 전북 | C14: 전주시 | D14: 전주시 완산구 백마산길 22-14 | E14: 전주 자전거경륜장 | F14: 전주시 | G14: 전주시사회체육과 | H14: jeonju.go.kr | I14: 전주시설관리공단 | J14: 19 | K14: 전라북도 싸이클연맹 | L14: 33013 | M14: 858 | N14: 858 | O14: 에폭시 | P14: 333.3 | Q14: 9 | R14: 2970 | S14: 에폭시 | T14: 30 | U14: 57 | W14: 2500 | X14: 3000 | Y14: 계단식, 의자식 | Z14: 철근콘크리트 | AA14: 1(2003) | AC14: 1991 | AE14: 2623 | AF14: 1500 | AJ14: 4123 | AK14: 2003 | AM14: 1 | AN14: 190
A15: 1 | B15: 전남 | C15: 나주시 | D15: 나주시 건재로 130-13 | E15: 나주시 벨로드룸 | F15: 전라남도 | G15: 전라남도체육회 | I15: 위탁 (전라남도체육회) | K15: 사이클 선수 (중고일반) | L15: 28017 | M15: 1103.45 | N15: 1824.8 | O15: 시멘트 | P15: 333.3 | Q15: 7 | R15: 9762 | T15: 7 | U15: 333 | W15: 1010 | X15: 1010 | Y15: 의자식 | Z15: 철골콘크리트 | AC15: 1987 | AF15: 800 | AJ15: 1432
A16: 1 | B16: 경남 | C16: 창원시 | D16: 원이대로 470 | E16: 창원 자전거(경륜)경기장 | F16: 창원시 경상남도 | G16: 창원경륜공단 | H16: ccrc.cr.kr | I16: 창원레포츠파크 | K16: 시민 | L16: 54396 | M16: 24880 | N16: 42339 | O16: 아스콘 | P16: 333.3 | Q16: 9.7 | R16: 3294 | S16: 카페트 | T16: 50 | U16: 121 | W16: 4911 | X16: 12000 | Y16: 의자 | Z16: 철근콘크리트 | AA16: 1급 | AC16: 2000 | AD16: 48096 | AE16: 17000 | AJ16: 77884

Sheet 6.테니스장
B1: 6. 테니스장 | S1: (단위 : ㎡, 백만원, 명)
A2: 일련번호 | B2: 시도 | C2: 시군구 | D2: 주소 | E2: 시설명 | F2: 소유기관 | G2: 운영조직 (연락처) | I2: 관리주체 | J2: 관리인원 | K2: 부지면적 | L2: 건축면적 | M2: 연면적 | N2: 실내외 여부 | O2: 경기장 | R2: 관람석 | V2: 국제규격 (O,X) | W2: 준공 연도 | X2: 건 설 사업비 | AD2: 개보수연도 | AF2: 부대시설 | AL2: 부대운동시설 | AY2: 비고
H3: 홈페이지주소 | O3: 바닥재료 | P3: 면적 | Q3: 코트 면수 | R3: 좌석수 | S3: 수용인원 | T3: 좌석형태 | U3: 건축구조 | AD3: 1차 | AE3: 2차 | AF3: 전광판 | AH3: 조명탑 | AK3: 기타 | AL3: 종목1 | AQ3: 종목2 | AV3: 종목3
B4: 전국 | C4: 계 | E4: =COUNTA(E6:E81,E83:E123,E125:E156,E158:E197,E199:E218,E220:E227,E229:E247,E249:E256,E258:E487,E489:E566,E568:E602,E604:E649,E651:E705,E707:E757,E759:E825,E827:E927,E929:E936) -> 915 | G4: =COUNTA(G9:G77,G83:G121,G125:G153,G158:G196,G199:G218,G220:G227,G229:G245,G249:G256,G258:G487,G489:G566,G568:G602,G604:G649,G651:G705,G707:G757,G759:G825,G827:G927,G929:G936) -> 474 | H4: =COUNTA(H9:H77,H83:H121,H125:H153,H158:H196,H199:H218,H220:H227,H229:H245,H249:H256,H258:H487,H489:H566,H568:H602,H604:H649,H651:H705,H707:H757,H759:H825,H827:H927,H929:H936) -> 182 | J4: =COUNTA(J9:J77,J83:J121,J125:J153,J158:J196,J199:J218,J220:J227,J229:J245,J249:J256,J258:J487,J489:J566,J568:J602,J604:J649,J651:J705,J707:J757,J759:J825,J827:J927,J929:J936) -> 188 | K4: =SUM(K6:K81,K83:K123,K125:K156,K158:K197,K199:K218,K220:K227,K229:K247,K249:K256,K258:K487,K489:K566,K568:K602,K604:K649,K651:K705,K707:K757,K759:K825,K827:K927,K929:K936) -> 11419958 | L4: =SUM(L6:L81,L83:L123,L125:L156,L158:L197,L199:L218,L220:L227,L229:L247,L249:L256,L258:L487,L489:L566,L568:L602,L604:L649,L651:L705,L707:L757,L759:L825,L827:L927,L929:L936) -> 375379.44 | M4: =SUM(M6:M81,M83:M123,M125:M156,M158:M197,M199:M218,M220:M227,M229:M247,M249:M256,M258:M487,M489:M566,M568:M602,M604:M649,M651:M705,M707:M757,M759:M825,M827:M927,M929:M936) -> 759683.9 | N4: =SUM(N6:N81,N83:N123,N125:N156,N158:N197,N199:N218,N220:N227,N229:N247,N249:N256,N258:N487,N489:N566,N568:N602,N604:N649,N651:N705,N707:N757,N759:N825,N827:N927,N929:N936) -> 638.6 | O4: =SUM(O6:O81,O83:O123,O125:O156,O158:O197,O199:O218,O220:O227,O229:O247,O249:O256,O258:O487,O489:O566,O568:O602,O604:O649,O651:O705,O707:O757,O759:O825,O827:O927,O929:O936) -> 47710 | P4: =SUM(P6:P81,P83:P123,P125:P156,P158:P197,P199:P218,P220:P227,P229:P247,P249:P256,P258:P487,P489:P566,P568:P602,P604:P649,P651:P705,P707:P757,P759:P825,P827:P927,P929:P936) -> 2681361.2 | Q4: =SUM(Q6:Q81,Q83:Q123,Q125:Q156,Q158:Q197,Q199:Q218,Q220:Q227,Q229:Q247,Q249:Q256,Q258:Q487,Q489:Q566,Q568:Q602,Q604:Q649,Q651:Q705,Q707:Q757,Q759:Q825,Q827:Q927,Q929:Q936) -> 4332
B5: 서울 | C5: 소 계 | E5: =COUNTA(E6:E81) -> 76 | K5: =SUM(K6:K81) -> 441533.69 | L5: =SUM(L6:L81) -> 22849.18 | M5: =SUM(M6:M81) -> 304133.64 | N5: =SUM(N9:N81) -> 0 | P5: =SUM(P6:P81) -> 255116.25 | Q5: =SUM(Q6:Q81) -> 354
C6: 종로구 | D6: 삼청동 산2-1 | E6: 삼청 테니스장 | F6: 종로구 | G6: 종로구시설관리공단 (745-6701~5) | H6: www.ijongno.co.kr | I6: 종로구시설관리공단 | J6: 3 | K6: 5238 | O6: 클레이 4 하드 2 | P6: 3774 | Q6: 6 | W6: 1996 | X6: 261 | AC6: 261 | AH6: 9 | AI6: 500 | AJ6: 4865
C7: 중구 | D7: 장충동2가 산14-68 | E7: 장충 테니스장 | F7: 서울시 | H7: stadium.seoul.go.kr | I7: 중부공원여가센터 | K7: 10545 | L7: 191 | M7: 10545 | O7: 우레탄 | P7: 7603 | Q7: 9 | T7: 계단식 | W7: 1974 | AD7: 1974 | AH7: 조명탑
C8: 중구 | E8: 손기정체육공원 테니스장 | F8: 중구 | I8: 중구 시설관리공단 | K8: 7371 | M8: 1293 | O8: 클레이 | P8: 1343 | Q8: 2 | R8: 16 | S8: 16
A9: 1 | C9: 용산구 | E9: 한강시민공원 이촌지구 테니스장 | F9: 서울시 | G9: 서울시한강시민공원사업소(3780-0777~8) | H9: hangang.seoul.go.kr | I9: 미래한강본부 | K9: 3793 | M9: 3793 | O9: 클레이 | P9: 2086 | Q9: 8 | W9: 1991 | X9: 114 | AC9: 114
C10: 용산구 | E10: 응봉근린공원 한남테니스장 | F10: 서울시 | G10: 서울시한강시민공원사업소(3780-0777~8) | H10: hangang.seoul.go.kr | I10: 위탁 (용산구) | K10: 8776 | L10: 190.8 | M10: 8776 | O10: 앙투카 6 인조잔디 6 | P10: 8776 | Q10: 12 | W10: 1999 | X10: 114
C11: 성동구 | D11: 성수1가 1동685-20 | E11: 뚝섬 서울숲 테니스장 | F11: 서울시 | G11: 서울시시설관리사업소 | H11: stadium.seoul.go.kr | I11: 동부공원여가센터 | K11: 2665 | M11: 1320 | O11: 클레이 | P11: 2665 | Q11: 5 | W11: 2005
C12: 성동구 | D12: 자동차시장3길 64 | E12: 중랑물재생센터 테니스장 | F12: 서울시 | I12: 중랑물재생센터 | K12: 1400 | M12: 1400 | O12: 클레이 | P12: 1400 | Q12: 2 | W12: 1993
A13: 2 | C13: 성동구 | D13: 마장동 832 | E13: 마장 테니스장 | F13: 성동구 | I13: 성동구도시관리공단 | K13: 1339 | M13: 1339 | O13: 클레이 | P13: 1120 | Q13: 2 | W13: 2007
A14: 3 | C14: 성동구 | D14: 응봉동 237-1 | E14: 응봉 테니스장 | F14: 성동구 | I14: 성동구도시관리공단 | K14: 2568 | M14: 2568 | O14: 클레이 | P14: 2568 | Q14: 5 | W14: 2009
A15: 4 | C15: 성동구 | E15: 응봉공원(대현산배수지) 테니스장 | F15: 서울시 | I15: 동부공원여가센터 | K15: 1200 | M15: 1200 | O15: 인조잔디 | P15: 1200 | Q15: 2 | W15: 2003
C16: 광진구 | E16: 한강시민공원 뚝섬지구테니스장 | F16: 서울시 | G16: 서울시한강시민공원사업소(3780-0777~8) | H16: hangang.seoul.go.kr | I16: 미래한강본부 | K16: 2680 | M16: 2384 | O16: 클레이 | P16: 2680 | Q16: 4 | W16: 1991 | X16: 127 | AC16: 127
C17: 광진구 | D17: 천호대로 731 | E17: 아차산배수지체육공원 테니스장 | F17: 서울시 | I17: 광진구시설관리공단 | K17: 4752 | O17: 인조잔디 | P17: 4752 | Q17: 4 | W17: 1998 | X17: 200,000천원 | AH17: 3개
C18: 광진구 | D18: 구의동 산25-1 | E18: 어린이대공원 테니스장 | F18: 서울시 | I18: 서울시설관리공단 | K18: 2397.69 | L18: 867.08 | M18: 867.08 | O18: 인조잔디 | P18: 2397.69 | Q18: 3 | W18: 1973 | X18: 200,000천원 | AH18: 3개
C19: 동대문구 | D19: 장안동 356 | E19: 장평근린공원 테니스장 | F19: 동대문구 | G19: 동대문구시설관리공단 | H19: www.ddmgongdan.or.kr/ | I19: 동대문 시설관리공단 | J19: 1 명 | K19: 1197.8 | M19: 1198 | N19: 실외 | O19: 인조잔디 | P19: 1145 | Q19: 3 | W19: 1984 | Y19: 10백만원 | AC19: 10
C20: 동대문구 | E20: 이문체육문화센터 테니스장 | F20: 한국철도공사 | I20: 동대문 시설관리공단 | K20: 1332 | M20: 1332 | O20: 클레이 | P20: 1332 | Q20: 3 | W20: 2005 | AC20: 60
C21: 동대문구 | E21: 중랑천 제1체육공원 테니스장 | F21: 동대문구 | G21: 동대문구시설관리공단 | H21: www.ddmgongdan.or.kr/ | I21: 동대문 시설관리공단 | K21: 1230 | M21: 1230 | O21: 인조잔디 | P21: 1230 | Q21: 2 | W21: 2018 | AC21: 28
A22: 5 | C22: 중랑구 | D22: 중랑구 신내동 3 | E22: 중랑IC 테니스장 | F22: 중랑구 | G22: 중랑구 시설관리공단 | I22: 중랑구 시설관리공단 | K22: 5829.2 | M22: 5829.2 | N22: 실외 | O22: 인조잔디 | P22: 5103.2 | Q22: 8 | U22: 2017 | W22: 2018 | AC22: 1787
C23: 중랑구 | D23: 중랑구 면목동 산1-4 | E23: 용마폭포공원테니스장 | F23: 중랑구 | G23: 중랑구 시설관리공단 | I23: 중랑구 시설관리공단 | K23: 1506 | M23: 1506 | N23: 실외 | O23: 인조잔디 | P23: 5103 | Q23: 3 | W23: 2018
A24: 6 | C24: 중랑구 | D24: 중랑구 면목동 727-94 | E24: 면목구립테니스장 | F24: 중랑구 | G24: 중랑구 시설관리공단 | I24: 중랑구 시설관리공단 | K24: 3635 | M24: 3635 | N24: 실외 | O24: 클레이 | P24: 3635 | Q24: 5 | U24: 3635 | W24: 2024 | X24: 700 | AC24: 700 | AY24: 추가
A25: 7 | C25: 성북구 | D25: 화랑로13길 144 | E25: 월곡테니스장 | F25: 성북구 | I25: 위탁 (성북구테니스연합회) | K25: 1782 | M25: 1782 | O25: 인조잔디 클레이 | P25: 1782 | Q25: 4
C26: 성북구 | D26: 정릉동 산87-357 | E26: 정릉체육시설 | F26: 성북구 | I26: 성북구도시관리공단 | K26: 4035 | M26: 4035 | O26: 인조잔디 | P26: 4035 | Q26: 3 | W26: 2011
C27: 강북구 | E27: 오동근린공원 테니스장 | F27: 강북구 | I27: 위탁 (강북구테니스협회) | K27: 2142 | M27: 2142 | O27: 인조잔디 | P27: 1100 | Q27: 3 | W27: 2019 | AC27: 753
C28: 도봉구 | D28: 서울시 도봉구 창포원로 45 다락원체육공원 | E28: 다락원체육공원 테니스장 | F28: 서울시 | I28: 도봉구시설관리공단 | K28: 49830 | L28: 1949.3 | M28: 3120.36 | O28: 케미칼 | P28: 3120.36 | Q28: 8 | W28: 2018 | AY28: 실내 : 1949.3 실외 : 3120.36
C29: 노원구 | D29: 상계6동 770-2 | E29: 마들스포츠타운 테니스장 | F29: 노원구 | G29: 개인(임승호), 933-0233 | H29: nowon.seoul.kr | I29: 노원구서비스공단 | K29: 4640 | N29: 실외 | O29: 인조잔디 | P29: 4640 | Q29: 9 | W29: 1991 | X29: 300 | AD29: 2002 | AH29: 6 | AI29: 400 | AJ29: 26
C30: 노원구 | D30: 월계동 산 1 | E30: 초안산스포츠타운 테니스장 | F30: 노원구 | G30: 노원구청(950-3509) | H30: nowon.seoul.kr | I30: 노원구서비스공단 | J30: 3 | K30: 2340 | L30: - | N30: 실외 | O30: 인조잔디 | P30: 2340 | Q30: 4 | W30: 2001
C31: 노원구 | E31: 불암산스포츠타운 테니스장 | F31: 서울시 | I31: 노원구서비스공단 | K31: 38000 | M31: 3532 | O31: 인조잔디 | P31: 1857 | Q31: 3 | W31: 2009
C32: 노원구 | E32: 수락산스포츠타운 테니스장 | F32: 노원구 | I32: 노원구서비스공단 | K32: 1740 | M32: 1740 | O32: 인조잔디 | P32: 1740 | Q32: 3 | W32: 2022
A33: 10 | C33: 은평구 | D33: 은평구 진관1로 40 | E33: 은평구민체육센터 테니스장 | F33: 은평구 | G33: 354-9123 | H33: www.eunpyeongspo.seoul.kr | I33: 은평구시설관리공단 | J33: 64명 | K33: 9988 | L33: 2508 | M33: 8847 | N33: 실외 | O33: 인조잔디 | P33: 2164 | Q33: 3 | W33: 2003 | AC33: 17309 | AH33: 4
A34: 11 | C34: 은평구 | E34: 북한산근린공원 테니스장 | F34: 은평구 | G34: 은평구시설관리공단 | H34: 1000 | I34: 은평구시설관리공단 | J34: 1000 | K34: 1000 | M34: 1000 | O34: 인조잔디 | P34: 1000 | Q34: 2 | AY34: 신규(누락)
C35: 서대문구 | E35: 홍은동 테니스장 | F35: 서대문구 | I35: 위탁 (서대문구테니스연합회) | K35: 1564 | M35: 1564 | O35: 인조잔디 | P35: 1564 | Q35: 2 | W35: 1991
A36: 12 | C36: 서대문구 | E36: 현저동 테니스장 | F36: 서대문구 | I36: 위탁 (서대문구테니스연합회) | K36: 1200 | M36: 1200 | O36: 인조잔디 | P36: 1200 | Q36: 2 | W36: 1991
A37: 13 | C37: 서대문구 | E37: 가좌 테니스장 | F37: 서대문구 | I37: 위탁 (서대문구테니스연합회) | K37: 1465 | M37: 1465 | O37: 인조잔디 | P37: 1465 | Q37: 2 | W37: 2000
C38: 마포구 | E38: 한강공원 망원지구 테니스장 | F38: 서울시 | G38: 서울시한강시민공원사업소(3780-0777~8) | H38: 미래한강본부 | K38: 1304 | L38: 3423 | N38: 클레이 | O38: 1304 | P38: 6 | V38: 2009 | W38: 114 | AB38: 114
A39: 14 | C39: 마포구 | D39: 상암동 487-137 | E39: 한강공원 난지지구 테니스장 | F39: 서울시 | G39: 서울시한강시민공원사업소(3780-0777~8) | H39: 미래한강본부 | K39: 2150 | L39: 2150 | M39: 실외 | N39: 하드 | O39: 2150 | P39: 3 | V39: 2024 | W39: 1571 | AB39: 1571
A40: 15 | C40: 마포구 | E40: 망원나들목 테니스장 | F40: 서울시 | I40: 위탁 (마포테니스연합회) | K40: 2338 | M40: 2338 | N40: 실외 | O40: 인조잔디 | P40: 2105 | Q40: 4 | W40: 2020
A41: 16 | C41: 마포구 | E41: 월드컵공원테니스장 | F41: 서울시 | I41: 서부공원여가센터 | K41: 2261 | M41: 1623 | O41: 클레이 | P41: 1800 | Q41: 2 | W41: 2002 | AC41: 42
A42: 18 | C42: 고양시 덕양구 | D42: 경기도 고양시 덕양구 대덕로426 | E42: 난지물재생센터 테니스장 | F42: 서울시 | I42: 난지물재생센터 | K42: 2500 | M42: 2500 | O42: 클레이 | P42: 2500 | Q42: 4 | W42: 2011
C43: 양천구 | D43: 목동915번지 | E43: 목동 테니스장 | F43: 양천구 | G43: 02)2643-0686 | H43: sisul.yangchon.seoul.kr | I43: 양천구 시설관리공단 | J43: 5명 | K43: 16658 | M43: 16658 | N43: 실외 | O43: 하드 | P43: 16658 | Q43: 18 | W43: 2002 | X43: 1500 | AC43: 1500 | AH43: 2조96개(1조당 라이트8개) | AK43: 백보드 1조
A44: 20 | C44: 강서구 | D44: 화곡동 산60-1 | E44: 우장 테니스장 | F44: 서울시 | G44: 강서구(2600-6561) | I44: 강서구 | J44: 1 | K44: 4000 | M44: 4000 | N44: 실외 | O44: 클레이 | P44: 4000 | Q44: 4 | W44: 1990 | AC44: 200
C45: 강서구 | D45: 방화동 36-14 일대 | E45: 구립 테니스장 | F45: 강서구 | G45: 강서구(2600-6579) | I45: 강서구 | J45: 1 | K45: 22690 | M45: 2340 | N45: 실외 | O45: 아크릴 케미칼 | P45: 22690 | Q45: 6 | W45: 2002 | X45: 730 | AC45: 730 | AH45: 8 | AJ45: 74
C46: 강서구 | E46: 수명산 테니스장 | F46: 강서구 | I46: 강서구 | K46: 715 | M46: 1231 | O46: 클레이 | P46: 1231 | Q46: 2 | W46: 2021 | X46: 2021 | Y46: 2021 | AY46: 정비후 재개관
A47: 21 | C47: 강서구 | E47: 황금내 테니스장 | F47: 강서구 | I47: 강서구 | K47: 765 | M47: 765 | O47: 인조잔디 | P47: 765 | Q47: 1 | W47: 2020 | X47: 2020 | Y47: 2020 | AY47: 정비후 재개관
A48: 24 | C48: 강서구 | D48: 마곡동 91 | E48: 서남물재생센터테니스장 | F48: 서울시 | G48: 운영관리팀 3660-2254 | I48: 서울물재생시설공단 | J48: 3 | K48: 12700 | L48: 624 | M48: 13324 | O48: 인조잔디10 케미칼 4 | P48: 12700 | Q48: 14 | W48: 2010 | AC48: 3150
C49: 구로구 | D49: 고척2동산9-14 | E49: 고척근린공원 테니스장 | F49: 서울시 | G49: 860-3361 | I49: 구로구 | J49: 1 | K49: 1764 | M49: 1558 | O49: 클레이 | P49: 1558 | Q49: 3 | S49: 300 | T49: 계단식 | W49: 1989 | AD49: 2003년도
A50: 25 | C50: 구로구 | D50: 구로구 중앙로17길 10 | E50: 계남근린공원 테니스장 | F50: 서울시 | I50: 구로구 | K50: 2609 | M50: 2609 | O50: 클레이 | P50: 2347 | Q50: 4 | W50: 2000
A51: 26 | C51: 구로구 | D51: 신도림동 276-4 | E51: 신도림테니스장 | F51: 구로구 | I51: 구로구 시설관리공단 | K51: 2000 | M51: 2900 | O51: 아크릴 | P51: 2000 | Q51: 4 | W51: 2016 | AC51: 400
C52: 영등포구 | E52: 안양천 하드코트테니스장 | F52: 영등포구 | G52: 서울시한강시민공원사업소(3780-0777~8) | H52: hangang.seoul.go.kr | I52: 영등포구시설관리공단 | K52: 5100 | M52: 5100 | O52: 우레탄 | P52: 5100 | Q52: 7 | W52: 2021 | X52: 316 | AC52: 1300
A53: 28 | C53: 영등포구 | D53: 대림동780 | E53: 대림체육공원 테니스장 | F53: 영등포구 | G53: 영등포구청 공원녹지과 | H53: ydp.go.kr | I53: 영등포구시설관리공단 | J53: 0.2 | K53: 6000 | M53: 1800 | O53: 클레이 | P53: 792 | Q53: 3 | W53: 1996 | X53: 20 | AC53: 1050
A54: 27 | C54: 금천구 | E54: 독산 테니스장 | F54: 금천구 | I54: 위탁 (금천구테니스연합회) | K54: 5080 | M54: 5080 | O54: 인조잔디 | P54: 3875 | Q54: 6 | W54: 2010 | AC54: 950
C55: 동작구 | D55: 신대방동 395번지 | E55: 보라매공원 테니스장 | F55: 서울시 | G55: 개인 | I55: 위탁 (개인) | J55: 위탁관리 | K55: 5810 | L55: 949 | M55: 3811 | N55: 실외 | O55: 클레이 | P55: 4861 | Q55: 7 | T55: 계단식 | W55: 2007 | AH55: 1
A56: 29 | C56: 동작구 | D56: 대방동 23-189 | E56: 노량진공원 테니스장 | F56: 서울시 | G56: 개인(김용길 : 817-2070) | I56: 위탁 (개인) | J56: 2 | K56: 2836 | M56: 2825 | N56: 실외 | O56: 클레이 | P56: 2830 | Q56: 5 | W56: 1993 | Y56: 150 | AC56: 150 | AH56: 5
A57: 30 | C57: 동작구 | D57: 동작동 326 | E57: 동작주차공원 테니스장 | F57: 동작구 | G57: 동작구 (820-9842) | I57: 동작구 | J57: 1 | K57: 3600 | L57: 148 | M57: 3061 | N57: 실외 | O57: 클레이 | P57: 3100 | Q57: 6 | W57: 1979 | Y57: 180 | AC57: 180 | AH57: 5
A58: 31 | C58: 관악구 | D58: 봉천7동 산53번지 | E58: 관악구민운동장 테니스장 | F58: 관악구 | G58: 관악구(880-3137) | I58: 관악구시설관리공단 | J58: 2명 | K58: 2354 | M58: 2354 | N58: 실외 | O58: 인조잔디 | P58: 2354 | Q58: 4 | W58: 1992 | AC58: 115
A59: 32 | C59: 관악구 | D59: 신림동 598-60 | E59: 난우공원테니스장 | F59: 관악구 | I59: (위탁) 한국대학테니스연맹 | K59: 1177 | M59: 1250 | O59: 클레이 | P59: 1250 | Q59: 2 | W59: 2008 | AC59: 599
C60: 관악구 | E60: 선우공원테니스장 | F60: 관악구 | I60: (위탁) 관악구테니스협회 | K60: 1866 | M60: 1866 | O60: 인조잔디 | P60: 1866 | Q60: 3 | W60: 2008
A61: 33 | C61: 서초구 | E61: 한강공원 잠원지구테니스장 | F61: 서울시 | G61: 서울시한강시민공원사업소(3780-0777~8) | H61: hangang.seoul.go.kr | I61: 미래한강본부 | K61: 1304 | M61: 3257 | O61: 클레이 | P61: 1304 | Q61: 6 | W61: 2009 | X61: 158 | AC61: 158
A62: 34 | C62: 서초구 | D62: 서초구 양재동 224번지외3필지 | E62: 시민의숲테니스장 | F62: 서울시 | G62: 개인 | I62: 위탁 (미래생활체육연합회) | J62: 1 | K62: 7863 | L62: 709 | M62: 7863 | N62: 실내/외 | O62: 인조잔디 | P62: 7863 | Q62: 11 | T62: 0 | U62: 0 | W62: 1991 | AC62: 1697 | AH62: 1 | AK62: 관리실
A63: 35 | C63: 서초구 | D63: 신반포로16길 30 | E63: 반포종합운동장 테니스장 | F63: 서초구 | I63: 위탁 (서초구테니스협회) | K63: 56000 | M63: 56000 | O63: 인조잔디 | P63: 7308 | Q63: 12 | W63: 2005 | AC63: 8527
C64: 서초구 | D64: 신흥말길 23-5 | E64: 내곡동체육시설 테니스장 | F64: 서초구 | I64: 위탁 (미래생활체육연합회) | K64: 8730 | M64: 8730 | O64: 하드코드 | P64: 3419 | Q64: 6 | W64: 2012 | AC64: 1220
C65: 강남구 | D65: 삼성동 75번지 | E65: 봉은 테니스장 | F65: 강남구 | G65: 542-7252 | H65: http://www.kncity.or.kr | I65: 강남도시관리공단 | J65: 2 | K65: 3251 | L65: 59 | M65: 2500 | N65: 실외 | O65: 클레이 | P65: 2500 | Q65: 4 | T65: 0 | U65: 0 | W65: 1994 | X65: 90 | AC65: 90 | AH65: 2
C66: 강남구 | D66: 포이동 274번지 | E66: 포이 테니스장 | F66: 강남구 | G66: 3461-9928 | H66: http://www.kncity.or.kr | I66: 강남도시관리공단 | J66: 2 | K66: 1670 | L66: 34 | M66: 1500 | N66: 실외 | O66: 클레이 | P66: 1500 | Q66: 3 | T66: 0 | U66: 0 | W66: 1990 | X66: 60 | AC66: 60 | AH66: 0
C67: 강남구 | D67: 포이동 274번지 | E67: 강남세곡체육공원 테니스장 | F67: 강남구 | G67: 3461-9928 | H67: http://www.kncity.or.kr | I67: 강남도시관리공단 | J67: 2 | K67: 2440 | L67: 0 | M67: 2440 | N67: 실외 | O67: 인조잔디 | P67: 1670 | Q67: 4 | T67: 0 | U67: 0 | W67: 2023 | X67: 60 | AH67: 0 | AY67: 신규
C68: 강남구 | D68: 대치동78-20 | E68: 대치 유수지체육공원 테니스장 | F68: 서울시 | I68: 강남구 | K68: 1400 | M68: 1240 | O68: 탄성복합고무 | Q68: 2 | W68: 2008 | AC68: 240
A69: 1 | C69: 강남구 | D69: 개포로 625 | E69: 마루공원 테니스장 | F69: 서울시 | G69: 서울시 | H69: www.ijongno.co.kr | I69: 서울물재생시설공단 | J69: 3 | K69: 2367 | M69: 2367 | O69: 인조잔디 | P69: 792 | Q69: 3 | W69: 2010 | X69: 261 | AH69: 9 | AI69: 500 | AJ69: 4865
C70: 강남구 | D70: 개포로 625 | E70: 탄천물재생센터 테니스장 | F70: 서울시 | G70: 서울시 | H70: www.ijongno.co.kr | I70: 서울물재생시설공단 | K70: 1232 | M70: 1232 | O70: 인조잔디 | P70: 528 | Q70: 2 | T70: 계단식 | W70: 2006 | AD70: 1974 | AH70: 조명탑
C71: 송파구 | E71: 올림픽 테니스경기장 | F71: 국민체육 진흥공단 | I71: 한국체육산업개발 | K71: 9064 | L71: 3993 | M71: 9064 | O71: 케미칼 | P71: 15453 | Q71: 13 | R71: 9931 | S71: 10000 | W71: 1986 | AC71: 5800
C72: 송파구 | E72: 올림픽 실내테니스장 | F72: 국민체육 진흥공단 | I72: 한국체육산업개발 | K72: 4994 | L72: 5054 | M72: 4994 | O72: 케미칼 | P72: 4987 | Q72: 4 | W72: 2002 | AC72: 1400
C73: 송파구 | D73: 서울특별시 송파구 오금동 51 | E73: 오금공원 테니스장 | F73: 송파구 | G73: 공원녹지과 | I73: 송파구시설관리공단 | K73: 1299 | M73: 1299 | N73: 실외 | O73: 클레이 | P73: 1299 | Q73: 2 | W73: 1990
C74: 송파구 | D74: 서울특별시 송파구 방이동 439-8 | E74: 오륜테니스장 | F74: 송파구 | G74: 생활체육과 | I74: 송파구시설관리공단 | K74: 7038 | M74: 7038 | N74: 실외 | O74: 클레이 | P74: 3228 | Q74: 6 | W74: 1991
C75: 송파구 | D75: 서울특별시 송파구 송파동 106 | E75: 송파테니스장 | F75: 송파구 | G75: 생활체육과 | I75: 송파구시설관리공단 | K75: 1472 | M75: 1472 | N75: 실외 | O75: 클레이 | P75: 1378 | Q75: 2 | W75: 1989
C76: 송파구 | D76: 서울특별시 송파구 풍납동 471 | E76: 성내천테니스장 | F76: 송파구 | G76: 생활체육과 | I76: 송파구시설관리공단 | K76: 1200 | M76: 1200 | N76: 실외 | O76: 인조잔디 | P76: 1200 | Q76: 2 | W76: 2004
C77: 송파구 | D77: 서울특별시 송파구 잠실동 306 | E77: 잠실유수지체육시설 소프트테니스장 | F77: 송파구 | G77: 생활체육과 | I77: 송파구체육회 | K77: 1200 | M77: 1200 | N77: 실외 | O77: 인조잔디 | P77: 1200 | Q77: 2 | W77: 2020
C78: 송파구 | D78: 서울특별시 송파구 오금동 51 | E78: 오금공원체육시설 소프트테니스장 | F78: 송파구 | G78: 생활체육과 | I78: 송파구 | K78: 1200 | M78: 1200 | N78: 실외 | O78: 인조잔디 | P78: 1200 | Q78: 2 | W78: 2019
C79: 강동구 | E79: 강일 테니스장 | F79: 강동구 | I79: 강동구 도시관리공단 | K79: 18060 | M79: 18060 | O79: 우레탄 | P79: 5561 | Q79: 10 | W79: 2011 | AC79: 150
C80: 강동구 | E80: 명일테니스장 | F80: 강동구 | I80: 강동구 도시관리공단 | K80: 6709 | M80: 6709 | O80: 인조잔디 | P80: 2832 | Q80: 5 | W80: 2019 | AC80: 1404
C81: 강동구 | E81: 한강시민공원 광나루지구 테니스장 | F81: 서울시 | G81: 서울시한강시민공원사업소(3780-0777~8) | H81: hangang.seoul.go.kr | I81: 미래한강본부 | K81: 5583 | M81: 5133 | O81: 클레이 | P81: 5583 | Q81: 8 | W81: 1993 | X81: 316 | AC81: 316
B82: 부산 | C82: 소 계 | E82: =COUNTA(E83:E123) -> 41 | K82: =SUM(K83:K123) -> 305711.95 | L82: =SUM(L83:L123) -> 19958 | M82: =SUM(M83:M123) -> 28558 | N82: =SUM(N83:N123) -> 0 | P82: =SUM(P83:P123) -> 121109 | Q82: =SUM(Q83:Q123) -> 184
C83: 중구 | E83: 중구민체력단련장 테니스장 | F83: 중구 | I83: 중구 | K83: 1000 | O83: 탄성우레탄 | P83: 1000 | Q83: 2 | W83: 2003
C84: 서구 | E84: 중앙하수처리장 테니스장 | F84: 부산시 | G84: 부산환경공단 중앙사업소 | H84: 600 | I84: 부산환경공단 중앙사업소 | K84: 600 | O84: 인조잔디 | P84: 600 | Q84: 1 | W84: 2017
C85: 서구 | E85: 남항체육공원 테니스장 | F85: 부산시 | I85: 서구 | K85: 1521 | M85: 1521 | O85: 인조잔디 | P85: 1521 | Q85: 1 | W85: 2022
C86: 동구 | E86: 수정5동테니스장 | F86: 동구 | I86: 동구 | K86: 495.867 | Q86: 2 | W86: 2024
C87: 영도구 | E87: 구민테니스장 | F87: 해양경찰청 | I87: 영도구 | K87: 1253 | O87: 인조잔디 | P87: 616 | Q87: 2 | W87: 2021
C88: 영도구 | E88: 해돋이배수지 테니스장 | F88: 부산시 | I88: 영도구 | K88: 1640 | O88: 인조잔디 | P88: 340 | Q88: 1 | W88: 2021
A89: 1 | C89: 영도구 | E89: 청학조내기운동장 테니스장 | F89: 영도구 | I89: 위탁 (영도구테니스 협회 시니어 클럽) | K89: 6805 | O89: 인조잔디 | P89: 1006 | Q89: 2 | W89: 2023
C90: 영도구 | E90: 영도환경공단 테니스장 | F90: 부산시 | I90: 부산환경공단 영도사업소 | K90: 720 | O90: 인조잔디 | P90: 720 | Q90: 1 | W90: 2020 | AC90: 52
C91: 부산진구 | E91: 황령산레포츠공원 테니스장 | F91: 부산진구 | I91: 부산진구 | K91: 1667 | O91: 토사 | P91: 1667 | Q91: 3 | W91: 2008
A92: 2 | C92: 동래구 | D92: 사직2동 930 | E92: 사직 종합운동장 테니스장 | F92: 부산시 | G92: 체육시설관리사업소 종합운동장 (051-504-8001) | H92: www.stadium.busan.kr | I92: 체육시설관리사업소 | K92: 10009 | L92: 7355 | M92: 7446 | N92: 실외 | O92: 클레이 | P92: 5920 | Q92: 10 | R92: 843 | S92: 1100 | T92: 의자식 | U92: 철근콘크리트 | W92: 2016 | Y92: 353 | AC92: 3900 | AD92: 2000 | AE92: 2002 | AH92: 4 | AI92: 1180 | AJ92: 82
C93: 동래구 | E93: 수영환경공원 테니스장 | F93: 부산시 | I93: 부산환경공단 수영사업단 | K93: 2248 | O93: 인조잔디 | P93: 2248 | Q93: 3 | W93: 1998
C94: 남구 | E94: 백운포체육공원 테니스장 | F94: 남구 | I94: 남구 | K94: 5732 | O94: 토사 | P94: 5124 | Q94: 8 | W94: 2001
C95: 남구 | E95: 남부환경공단 테니스장 | F95: 부산시 | I95: 부산환경공단 남부사업소 | K95: 4344 | O95: 인조잔디 | P95: 3440 | Q95: 5 | W95: 1997
C96: 북구 | E96: 화명생태공원 테니스장 | F96: 부산시 | I96: 낙동강관리본부 | K96: 7633 | O96: 토사 | P96: 7633 | Q96: 10 | W96: 2010
C97: 북구 | D97: 효열로 256 | E97: 부산인재개발원 테니스장 | F97: 부산시 | I97: 인재개발원 | K97: 2730 | N97: 실외 | O97: 인조잔디 | P97: 2730 | Q97: 4 | W97: 2008 | AC97: 313 | AD97: 2023 | AY97: 정비 후 재개관
C98: 해운대구 | E98: 좌동테니스장 | F98: 부산시 | I98: 해운대구 | K98: 3200 | O98: 토사 | P98: 3200 | Q98: 5 | R98: 500 | W98: 1999
C99: 해운대구 | E99: 반송1동테니스장 | F99: 기획재정부 | I99: 위탁 (반송에이스클럽) | K99: 1159 | O99: 토사 | P99: 1159 | Q99: 2 | W99: 1999
C100: 해운대구 | E100: 센텀테니스장 | F100: 부산시 | I100: 해운대구 | K100: 2100 | O100: 토사 | P100: 2100 | Q100: 3 | W100: 2008
...

Sheet 7.씨름장
B1: 7. 씨름장 | Q1: (단위 : ㎡, 백만원, 명)
A2: 일련번호 | B2: 시도 | C2: 시군구 | D2: 주소 | E2: 시설명 | F2: 소유기관 | G2: 관리주체 | H2: 부지면적 | I2: 건축 면적 | J2: 연면적 | K2: 경기장 | O2: 관람석 | S2: 공인등급 (승인연도) | T2: 준공 연도 | U2: 건 설 사업비 | Y2: 개보수연도 | AA2: 부대시설 | AG2: 부대운동시설 | AV2: 비고
K3: 형태 | L3: 규격 (지름,폭*길이) | M3: 면적 | N3: 면수 | O3: 좌석수 | P3: 수용 인원 | Q3: 좌석형태 | R3: 건축구조 | Y3: 1차 | Z3: 2차 | AA3: 전광판 | AC3: 조명탑 | AF3: 기타 | AG3: 종목1 | AL3: 종목2 | AQ3: 종목3
AA4: 개소수 | AB4: 설치비 | AC4: 개소수 | AD4: 조도 | AE4: 설치비 | AG4: 종목 | AH4: 면수 | AI4: 면적 | AJ4: 시설구성 | AK4: 관리운영 | AL4: 종목 | AM4: 면수 | AN4: 면적 | AO4: 시설구성 | AP4: 관리운영 | AQ4: 종목 | AR4: 면수 | AS4: 면적 | AT4: 시설구성 | AU4: 관리운영
B5: 전국 | C5: 계 | E5: =COUNTA(E7:E8,E10:E12,E13,E14,E15,E17:E28,E30:E34,E36:E42,E44:E47,E49:E56,E58:E69,E71:E79,E81:E87,E88) -> 73 | H5: =SUM(H7:H8,H10:H12,H13,H14,H17:H28,H30:H34,H36:H42,H44:H47,H49:H56,H58:H69,H71:H79,H81:H87,H88,H15) -> 1134433.8 | I5: =SUM(I7:I8,I10:I12,I13,I14,I17:I28,I30:I34,I36:I42,I44:I47,I49:I56,I58:I69,I71:I79,I81:I87,I88,I15) -> 32233.38 | J5: =SUM(J7:J8,J10:J12,J13,J14,J17:J28,J30:J34,J36:J42,J44:J47,J49:J56,J58:J69,J71:J79,J81:J87,J88,J15) -> 34245.81 | M5: =SUM(M7:M8,M10:M12,M13,M14,M17:M28,M30:M34,M36:M42,M44:M47,M49:M56,M58:M69,M71:M79,M81:M87,M88,M15) -> 19373.5 | N5: =SUM(N6,N9,N13,N14,N15,N16,N29,N35,N43,N48,N57,N70,N80,N88) -> 71 | O5: =SUM(O6,O9,O13,O14,O15,O16,O29,O35,O43,O48,O57,O70,O80,O88) -> 1420 | P5: =SUM(P6,P9,P13,P14,P15,P16,P29,P35,P43,P48,P57,P70,P80,P88) -> 11347
A6: 1 | B6: 부산 | C6: 소 계 | E6: =COUNTA(E7:E8) -> 2 | H6: =SUM(H7:H8) -> 3687 | I6: =SUM(I7:I8) -> 851 | J6: =SUM(J7:J8) -> 851 | M6: =SUM(M7:M8) -> 276 | N6: =SUM(N7:N8) -> 2 | O6: =SUM(O7:O8) -> 369 | P6: =SUM(P7:P8) -> 369
C7: 서구 | E7: 부산시 씨름장 | F7: 부산시 | G7: 체육시설관리사업소 | H7: 3471 | I7: 635 | J7: 635 | K7: 원형 | L7: 지름 13.m | M7: 132 | N7: 1 | O7: 369 | P7: 369 | Q7: 의자식 | R7: 경량철골조, 철근콘크리트조 | T7: 2002 | V7: 350 | X7: 350
C8: 해운대구 | E8: 해운대구씨름연습장 | F8: 한국철도시설공단 | G8: 위탁 (해운대구씨름협회) | H8: 216 | I8: 216 | J8: 216 | K8: 정방형 | L8: 12 * 12.m | M8: 144 | N8: 1 | T8: 2020 | X8: 323
B9: 대구 | C9: 소 계 | E9: =COUNTA(E10:E12) -> 3 | H9: =SUM(H10:H12) -> 9197 | I9: =SUM(I10:I12) -> 805 | J9: =SUM(J10:J12) -> 728 | M9: =SUM(M10:M12) -> 1082 | N9: =SUM(N10:N12) -> 6 | O9: =SUM(O10:O12) -> 0 | P9: =SUM(P10:P12) -> 670
C10: 수성구 | E10: 대구체육공원 씨름장 | F10: 대구시 | G10: 체육시설관리부 | H10: 1885 | I10: 805 | J10: 728 | K10: 막지붕 구조 | L10: 28600 | M10: 728 | N10: 4 | P10: 170 | Q10: 고정석 | T10: 2018 | X10: 1200
C11: 달성군 | E11: 달성종합스포츠파크 씨름장 | F11: 달성군 | G11: 달성군시설관리공단 | H11: 6188 | K11: 원형 | L11: 지름 15m | M11: 177 | N11: 1 | T11: 2014 | X11: 53600
C12: 군위군 | E12: 군위생활체육공원 | F12: 군위군 | G12: 군위군 | H12: 1124 | K12: 원형 | L12: 지름 15m | M12: 177 | N12: 1 | P12: 500 | Q12: 인도블럭 및 천연잔디 | T12: 2006 | X12: 2837 | AV12: 군위생활체육 공원내 위치
B13: 인천 | C13: 강화 | E13: 강화씨름장 | F13: 강화군 | G13: 강화군 | H13: 6188 | K13: 원형 | L13: 지름 14m | M13: 132 | N13: 1 | T13: 2009 | X13: 236
B14: 광주 | C14: 서구 | D14: 금화로 278 | E14: 염주씨름장 | F14: 광주시 | G14: 위탁 (광주시체육회) | H14: 234 | I14: 234.47 | J14: 234.47 | K14: 원형 | L14: 지름 17m | M14: 113 | N14: 1 | P14: 100 | Q14: 계단식 | T14: 2013 | X14: 42 | AV14: 광주월드컵 경기장 부지내
B15: 울산 | C15: 울주군 | D15: 울주군 삼남읍 향교로 113 | E15: 울주종합체육센터 씨름훈련장 | F15: 울주군 | G15: 울주군시설관리공단 | H15: 308269 | K15: 원형 | N15: 1 | T15: 2024 | X15: 51,400 (체육센터에 포함) | AV15: 울주종합 체육센터 내 | AW15: 신규
B16: 경기 | C16: 소 계 | E16: =COUNTA(E17:E28) -> 12 | H16: =SUM(H17:H28) -> 179373.92 | I16: =SUM(I17:I28) -> 5353.84 | J16: =SUM(J17:J28) -> 8307.25 | M16: =SUM(M17:M28) -> 4557.68 | N16: =SUM(N17:N28) -> 10 | O16: =SUM(O17:O28) -> 0 | P16: =SUM(P17:P28) -> 2042
C17: 수원시 | D17: 경기도 수원시 영통구 이의동 산94-6 | E17: 광교씨름전용 체육관 | F17: 수원시, 경기대 | G17: 위탁 (수원시체육회) | H17: 1652 | I17: 1652 | J17: 2251 | K17: 원형 | L17: 지름 9m | M17: 254 | N17: 1 | P17: 872 | Q17: 의자식 | T17: 2015 | X17: 7220
C18: 용인시 | D18: 경기도 용인시 처인구 마평동 704 | E18: 용인시 씨름장 | F18: 용인시 | G18: 용인시 | H18: 2619 | I18: 846.92 | J18: 846.92 | K18: 사각형 | L18: 22.5*25 | M18: 846.92 | N18: 1 | T18: 2022 | X18: 1530 | AV18: 미르스타디움 씨름장
A19: 1 | C19: 성남시 | D19: 경기도 성남시 중원구 성남동 3110 | E19: 성남종합운동장 씨름장 | F19: 성남시 | G19: 성남도시개발공사 | H19: 636 | I19: 636 | J19: 636 | K19: 타원형 | L19: 18x19 | M19: 512 | N19: 1 | P19: 100 | Q19: 원형둘레 | T19: 2005 | X19: 30
C20: 화성시 | D20: 경기도 화성시 향남읍 향남로 470 | E20: 화성종합경기타운 씨름장 | F20: 화성시 | G20: 화성도시공사 | H20: 500 | K20: 원형 | L20: 지름 10m | M20: 500 | N20: 1 | T20: 2017
C21: 화성시 | D21: 경기도 화성시 병점동 532-20 | E21: 병점1동 간이운동 시설 씨름장 | F21: 화성시 | G21: 화성도시공사 | H21: 450 | K21: 원형 | L21: 지름 11.6m | M21: 450 | N21: 1 | T21: 2017
C22: 화성시 | D22: 경기도 화성시 기안동 916 | E22: 별향공원 | F22: 화성시 | G22: 화성시 | H22: 440 | T22: 2004
C23: 평택시 | D23: 경기도 평택시 이충동 700 | E23: 이충레포츠공원 씨름장 | F23: 평택시 | G23: 평택시 (송출 지역경제과) | H23: 149736 | I23: 1792 | J23: 3951 | K23: 정방형 | L23: 16X16 | M23: 549.84 | T23: 2021 | U23: 60 | X23: 8800 | AV23: 이충레포츠공원
C24: 시흥시 | D24: 경기도 시흥시 계수동 475-14번지 | E24: 시흥시 씨름연습장 | F24: 시흥시 | G24: 시흥시씨름협회 | H24: 479.92 | K24: 팔각형 | L24: 8m * 8m | M24: 479.92 | N24: 1 | T24: 2011 | X24: 175
C25: 광주시 | D25: 경기도 광주시 초월읍 늑현리 193-36 | E25: 초월생활체육공원 씨름장 | F25: 광주시 | G25: 광주시 (초월읍사무소) | H25: 22561 | K25: 사각형 | L25: 14*14m | M25: 196 | N25: 1 | T25: 2016 | AV25: 초월생활체육 공원 포함
C26: 이천시 | D26: 경기도 이천시 장호원읍 진암리 328-2 | E26: 장호원 씨름장 | F26: 이천시 | G26: 이천시 | H26: 300 | I26: 213 | J26: 311 | K26: 원형 | L26: 지름 12m | M26: 113 | N26: 1 | P26: 270 | Q26: 계단식 | R26: 철근콘크리트 | T26: 2009 | X26: 252
C27: 의왕시 | D27: 경기도 의왕시 월암동 421 | E27: 부곡체육공원 씨름장 | F27: 의왕시 | G27: 의왕도시공사 | K27: 지붕식 | L27: 15m | M27: 176 | N27: 1 | P27: 200 | Q27: 원형, 콘크리트 | T27: 2011 | X27: 100 | AV27: 부곡체육공원 부지면적포함
A28: 2 | C28: 포천시 | D28: 경기도 포천시 군내면 구읍리 691 | E28: 포천종합운동장 씨름장 | F28: 포천시 | G28: 포천도시공사 | I28: 213.92 | J28: 311.33 | K28: 원형 | L28: 지름 8.5m | M28: 480 | N28: 1 | P28: 600 | Q28: 원형둘레 | T28: 2008 | X28: 270 | AV28: 종합운동장에 포함
A29: 1 | B29: 강원 | C29: 소 계 | E29: =COUNTA(E30:E34) -> 5 | H29: =SUM(H30:H34) -> 17366 | I29: =SUM(I30:I34) -> 1556 | J29: =SUM(J30:J34) -> 1556 | M29: =SUM(M30:M34) -> 1825 | N29: =SUM(N30:N34) -> 5 | O29: =SUM(O30:O34) -> 0 | P29: =SUM(P30:P34) -> 200
C30: 태백시 | E30: 씨름장 | F30: 태백시 | G30: 태백시 | H30: 252 | I30: 252 | J30: 252 | K30: 철골조 | L30: 20×12.1×7m | M30: 84 | N30: 1 | T30: 2001 | X30: 90
C31: 영월군 | D31: 영월읍 덕포리 574-48 | E31: 영월천하장사의 집 | F31: 영월군 | G31: 영월군 | H31: 2499 | I31: 838 | J31: 838 | K31: 팔각형 | L31: 14×14m | M31: 162 | N31: 1 | R31: 철근콘크리트 | T31: 2002 2008 | U31: 166백만원 | V31: 150백만원 | X31: 616
C32: 평창군 | D32: 진부면 하진부리 349번지 일원 | E32: 진부 씨름장 | F32: 평창군 | G32: 평창군 | H32: 8290 | I32: 255 | J32: 255 | K32: 막구조 | L32: 15m*17m | M32: 255 | N32: 1 | T32: 2022 | U32: 232 | X32: 232 | AV32: 누락
C33: 고성군 | E33: 고성씨름장 | F33: 고성군 | G33: 고성군 | H33: 5118 | I33: 211 | J33: 211 | K33: 막구조 | L33: 13×9m | M33: 117 | N33: 1 | P33: 200 | Q33: 계단식 | T33: 2007 | X33: 155
C34: 양양군 | E34: 양양 씨름장 | F34: 양양군 | G34: 양양군 | H34: 1207 | K34: 야외 | L34: 1,207㎡ | M34: 1207 | N34: 1 | T34: 2016 | X34: 50
B35: 충북 | C35: 소 계 | E35: =COUNTA(E36:E42) -> 7 | H35: =SUM(H36:H42) -> 264252.88 | I35: =SUM(I36:I42) -> 2295.74 | J35: =SUM(J36:J42) -> 2282.74 | M35: =SUM(M36:M42) -> 2033 | N35: =SUM(N36:N42) -> 7 | O35: =SUM(O36:O42) -> 0 | P35: =SUM(P36:P42) -> 182
C36: 보은군 | D36: 보은읍 이평리 244 | E36: 씨름연습장 | F36: 보은군 | G36: 보은군 | H36: 389.48 | I36: 389 | J36: 376 | K36: 일반 철골 | L36: 25mX15m | M36: 376 | N36: 1 | T36: 2018 | U36: 580 | X36: 580 | Z36: 593
C37: 옥천군 | D37: 옥천읍 서정리 33-8 | E37: 서정리 야외씨름연습장 | F37: 옥천군 | G37: 옥천군 | H37: 621 | K37: 원형 | L37: 지름16m | M37: 621 | N37: 1 | T37: 2016 | X37: 60
C38: 증평군 | D38: 증평읍 인삼로 19 | E38: 증평인삼씨름훈련장 | F38: 증평군 | G38: 증평군 | H38: 40338.4 | I38: 457.2 | J38: 457.2 | K38: 철골 구조 | L38: 16X26 | M38: 416 | N38: 1 | T38: 2020 | U38: 700 | X38: 700
C39: 진천군 | D39: 신정리 828 | E39: 진천종합스포츠타운 씨름장 | F39: 진천군 | G39: 진천군 | H39: 137821 | I39: 653.54 | J39: 653.54 | K39: 일반 철골 | L39: 17mX17m | M39: 289 | N39: 1 | P39: 82 | Q39: 고정식 | T39: 2020 | X39: 35244
C40: 괴산군 | D40: 충청북도 괴산군 연풍면 행촌리 592-2 | E40: 연풍씨름장 | F40: 괴산군 | G40: 괴산군 | H40: 2109 | I40: 300 | J40: 300 | K40: 원형 | L40: 지름 14m | M40: 154 | N40: 1 | T40: 2019 | X40: 430
C41: 음성군 | D41: 금왕읍 무극로 370 | E41: 금왕생활체육공원 씨름장 | F41: 음성군 | G41: 음성군 | H41: 81894 | I41: 496 | J41: 496 | K41: 원형 | L41: 지름 8m | M41: 177 | N41: 1 | P41: 100 | Q41: 이동식 | T41: 2015 | X41: 486 | AV41: 금왕생활체육 공원 부재내
C42: 영동군 | D42: 영동읍 매천리 125-1 | E42: 영동체육공원 씨름장 | F42: 영동군 | G42: 영동군 | H42: 1080 | K42: 원형 | N42: 1 | T42: 2024 | AV42: 영동체육공원 부지 내
B43: 충남 | C43: 소 계 | E43: =COUNTA(E44:E47) -> 4 | H43: =SUM(H44:H47) -> 63444 | I43: =SUM(I44:I47) -> 1480.35 | J43: =SUM(J44:J47) -> 1926.9 | M43: =SUM(M44:M47) -> 971.22 | N43: =SUM(N44:N47) -> 3 | O43: =SUM(O44:O47) -> 0 | P43: =SUM(P44:P47) -> 120
C44: 당진시 | D44: 당진시 당진시장길42 | E44: 당진씨름장 | F44: 당진시 | G44: 당진시 | H44: 640 | I44: 230.93 | J44: 304.69 | K44: 철근콘크 리트조 | L44: 9×11.2m | M44: 100.8 | N44: 1 | P44: 20 | T44: 2018 | X44: 800
C45: 금산군 | E45: 용지리 씨름장 | F45: 금산군 | G45: 금산군 | H45: 2748 | I45: 378 | J45: 378 | T45: 2008 | X45: 113 | AV45: 용도변경 (게이트볼장 →씨름장)
C46: 서천군 | E46: 서천씨름연습장 | F46: 서천군 | G46: 서천군 | H46: 58776 | I46: 331 | J46: 330 | K46: 일반 철골 | M46: 330 | N46: 1 | T46: 2024 | U46: 900 | X46: 900
C47: 태안군 | E47: 태안군전용씨름장 | F47: 태안군 | G47: 태안군 | H47: 1280 | I47: 540.42 | J47: 914.21 | K47: 철근콘크 리트조 | L47: 지름 20m | M47: 540.42 | N47: 1 | P47: 100 | T47: 2016 | X47: 1600
B48: 전북 | C48: 소 계 | E48: =COUNTA(E49:E56) -> 8 | H48: =SUM(H49:H56) -> 1540 | I48: =SUM(I49:I56) -> 7196.88 | J48: =SUM(J49:J56) -> 5928.88 | M48: =SUM(M49:M56) -> 1263.1 | N48: =SUM(N49:N56) -> 7
C49: 군산시 | D49: 군산시 번영로 281 | E49: 월명씨름장 | F49: 군산시 | G49: 군산시 | H49: 350 | I49: 248 | J49: 248 | K49: 경량 철골 | L49: 14×14m | M49: 154 | N49: 1 | T49: 2016 | X49: 220
C50: 정읍시 | D50: 전북특별자치도 정읍시 상평동 261 | E50: 정읍생활체육공원 씨름장 | F50: 정읍시 | G50: 정읍시 | H50: 240 | K50: 막구조 | L50: 14×16m | M50: 224 | N50: 1 | T50: 2014 | X50: 80
C51: 정읍시 | D51: 전북특별자치도 정읍시 상평동 257-1 | E51: 씨름훈련장 | F51: 정읍시 | G51: 정읍시 | H51: 396 | I51: 396 | J51: 396 | T51: 2022
C52: 장수군 | D52: 장수군 장수읍 한누리로 378 | E52: 장수군종합운동장 | F52: 장수군 | G52: 장수군 | H52: 300 | I52: 187 | J52: 187 | K52: 막구조 | L52: 지름 7m | M52: 187 | N52: 1 | P52: 100 | Q52: 노면 | T52: 2018 | X52: 50
C53: 임실군 | D53: 임실군 임실읍 호국로 1640 | E53: 임실군공설운동장 씨름장 | F53: 임실군 | G53: 임실군 | H53: 254 | K53: 원형 | L53: 지름 8m | M53: 254 | N53: 1 | P53: 100 | Q53: 노면 | T53: 2006
C54: 임실군 | D54: 임실군 임실읍 호국로 1640 | E54: 임실군 씨름장 | F54: 임실군 | G54: 임실군 | I54: 303.88 | J54: 303.88 | K54: 경량 철골 | L54: 13.8*12 | M54: 165.6 | N54: 1 | T54: 2020 | U54: 444 | V54: 신축 | X54: 444
C55: 고창군 | D55: 고창군 고창읍 운동장길 36 | E55: 고창군공설운동장 씨름장 | F55: 고창군 | G55: 체육시설사업소 | I55: 368 | J55: 368 | K55: 원형 | L55: 10m | M55: 78.5 | N55: 1 | P55: 200 | Q55: 노면 | T55: 2007 | X55: 27 | AV55: 공설운동장에 포함
C56: 부안군 | D56: 전북 부안군 행안면 체육공원길 31 | E56: 부안스포츠파크 씨름장 | F56: 부안군 | G56: 부안군 문화체육시설사업소 | I56: 5694 | J56: 4426 | K56: 원형 | L56: 지름 8m | M56: 200 | N56: 1 | T56: 2005 | AV56: 부안스포츠파크 내 위치
B57: 전남 | C57: 소 계 | E57: =COUNTA(E58:E69) -> 12 | H57: =SUM(H58:H69) -> 26537 | I57: =SUM(I58:I69) -> 2868 | J57: =SUM(J58:J69) -> 2709 | M57: =SUM(M58:M69) -> 2729 | N57: =SUM(N58:N69) -> 11 | O57: =SUM(O58:O69) -> 1 | P57: =SUM(P58:P69) -> 1670
C58: 여수시 | E58: 여수씨름경기장 | F58: 여수시 | G58: 여수시 | H58: 2800 | I58: 1010 | J58: 1010 | K58: 사각 | L58: 18*25m | M58: 450 | N58: 1 | O58: 1 | P58: 500 | Q58: 철근콘크리트 케이스판넬 | R58: 2004 | T58: 2004 | X58: 950 | AP58: 950 | AQ58: 신규
C59: 순천시 | E59: 팔마씨름장 | F59: 순천시 | G59: 순천시 | H59: 1050 | I59: 470 | J59: 497 | K59: 원형 | L59: 지름 20m | M59: 411 | N59: 1 | T59: 2010 | X59: 400 | AV59: 현행화
C60: 나주시 | D60: 나주시 영산강변로 99 | E60: 나주종합스포츠파크 씨름장 | F60: 나주시 | G60: 나주시 | H60: 163 | I60: 163 | J60: 163 | K60: 원형 | L60: 지름 8.5m | M60: 163 | N60: 1 | T60: 2011 | X60: 131
C61: 구례군 | D61: 구례군 구례읍 서시천로 106 | E61: 구례공설운동장 씨름장 | F61: 구례군 | G61: 구례군 | H61: 1006 | I61: 55 | J61: 55 | K61: 원형 | L61: 지름 13m | M61: 133 | N61: 1 | P61: 400 | Q61: 계단식 | T61: 2008 | AV61: 수정
C62: 구례군 | D62: 구례군 산동면 원촌길 75 | E62: 구례사계절전천후 씨름장 | F62: 구례군 | G62: 구례군 | H62: 15633 | I62: 330 | J62: 330 | K62: 사각 | L62: 14*16.5m | M62: 231 | N62: 1 | T62: 2020 | X62: 500 | AV62: 수정
C63: 고흥군 | E63: 생활체육 씨름장 | F63: 고흥군 | G63: 고흥군 | H63: 3330 | I63: 224 | J63: 224 | K63: 팔각형 | L63: 16m*16m | M63: 224 | N63: 1 | P63: 500 | Q63: 계단식 | T63: 2013 | X63: 350
C64: 화순군 | E64: 공설운동장 씨름장 | F64: 화순군 | G64: 화순군 | H64: 470 | K64: 원형 | L64: 지름 9m (12m*12m) | M64: 254 | N64: 1 | P64: 150 | Q64: 의자식 | T64: 2010
C65: 해남군 | E65: 해남우슬씨름장 | F65: 해남군 | G65: 해남군 | H65: 852 | I65: 230 | J65: 230 | K65: 팔각형 | L65: 16*16 | M65: 230 | N65: 1 | P65: 120 | Q65: 토사 | T65: 2016 | X65: 190
C66: 영광군 | D66: 영광읍 월현로 170 | E66: 영광군 씨름장 | F66: 영광군 | G66: 영광군 | H66: 550 | K66: 원형 | L66: 16m*16m | M66: 300 | N66: 1 | T66: 2016 | X66: 200
C67: 장성군 | E67: 옐로우시티스타 디움 씨름장 | F67: 장성군 | G67: 장성군 | I67: 186 | K67: 원형 | L67: 28m*15m | T67: 2021 | X67: 200
C68: 진도군 | D68: 진도읍 동외리 183 | E68: 진도공설운동장 씨름장 | F68: 진도군 | G68: 진도군 | H68: 550 | I68: 200 | J68: 200 | K68: 원형 | L68: 16m*16m | M68: 200 | N68: 1 | T68: 2015 | X68: 70
C69: 신안군 | E69: 공설운동장 씨름장 | F69: 신안군 | G69: 신안군 | H69: 133 | K69: 원형 | L69: 지름 9m (12m*12m) | M69: 133 | N69: 1 | T69: 2016 | X69: 10
B70: 경북 | C70: 소 계 | E70: =COUNTA(E71:E79) -> 9 | H70: =SUM(H71:H79) -> 27284 | I70: =SUM(I71:I79) -> 2637.76 | J70: =SUM(J71:J79) -> 4197.82 | M70: =SUM(M71:M79) -> 2857 | N70: =SUM(N71:N79) -> 9 | O70: =SUM(O71:O79) -> 350 | P70: =SUM(P71:P79) -> 3950
C71: 포항시 | D71: 남구 희망대로 810 | E71: 씨름연습장 | F71: 포항시 | G71: 포항시시설관리공단 | H71: - | I71: - | J71: 227.2 | K71: 사각형 | L71: - | M71: - | N71: 1 | P71: - | Q71: - | T71: 2017 | X71: -
C72: 경주시 | D72: 황성동 산 1-1 | E72: 황성공원씨름장 | F72: 경주시 | G72: 경주시시설관리공단 | H72: 4680 | I72: 1082.85 | J72: 1888.71 | K72: 원형 | L72: 지름 11m | M72: 95 | N72: 1 | P72: 2500 | Q72: 계단식, 토성잔디 | R72: 철근콘크리트 | T72: 1995 | U72: 40 | X72: 840
C73: 구미시 | D73: 사곡동 603-102 | E73: 구미시 씨름연습장 | F73: 구미시 | G73: 구미시 | H73: 2636 | I73: 418.91 | J73: 418.91 | K73: 사각형 | L73: 16m×15m | M73: 240 | N73: 1 | T73: 2008 | X73: 300
C74: 영주시 | D74: 가흥로 109 | E74: 영주시 씨름연습장 | F74: 영주시 | G74: 영주시 | H74: 206 | I74: 206 | J74: 206 | K74: 사각형 | L74: 12×8m | M74: 206 | N74: 1 | T74: 2013 | U74: 150 | X74: 150
C75: 영천시 | D75: 교촌동 329-2 | E75: 체육시설사업소 | F75: 영천시 | G75: 영천시 | H75: 2661 | I75: 930 | J75: 632 | K75: 원형 | L75: 지름 15m | M75: 180 | N75: 1 | P75: 500 | Q75: 계단식 | T75: 2008 | X75: 400
C76: 상주시 | D76: 계산동 474-1 | E76: 상주시민운동장 씨름경기장 | F76: 상주시 | G76: 상주시민운동장 관리사무소 | H76: 610 | I76: 0 | J76: 0 | K76: 원형 | L76: 지름 16m | M76: 610 | N76: 1 | P76: 300 | Q76: 계단식 | T76: 1996 | U76: 8 | X76: 8
A77: 1 | C77: 문경시 | D77: 모전동 524-7 | E77: 문경씨름장 | F77: 문경시 | G77: 문경시 | H77: 401 | K77: 원형 | L77: 지름 16m | M77: 401 | N77: 1 | P77: 300 | Q77: 계단식 | T77: 2014 | X77: 300
C78: 문경시 | D78: 마성면 새재로 73 | E78: 천하장사씨름장 | F78: 문경시 | G78: 문경시 | H78: 15790 | J78: 825 | K78: 원형 | L78: 지름 10m | M78: 825 | N78: 1 | O78: 350 | P78: 350 | Q78: 계단식 | T78: 2024 | X78: 9810 | AV78: 추가
C79: 고령군 | D79: 대가야읍 장기리 331 | E79: 고령생활체육공원 | F79: 고령군 | G79: 고령군 | H79: 300 | K79: 원형 | L79: 지름 11m | M79: 300 | N79: 1 | T79: 2012 | X79: 7
A80: 2 | B80: 경남 | C80: 소 계 | E80: =COUNTA(E81:E87) -> 7 | H80: =SUM(H81:H87) -> 225111 | I80: =SUM(I81:I87) -> 5104.34 | J80: =SUM(J81:J87) -> 3573.75 | M80: =SUM(M81:M87) -> 1208.5 | N80: =SUM(N81:N87) -> 7 | O80: =SUM(O81:O88) -> 700 | P80: =SUM(P81:P87) -> 1344
A81: 1 | C81: 창원시 | D81: 교방동 산40 외1 | E81: 서원곡씨름장 종합체련장 | F81: 창원시 | G81: 창원시 | H81: 8185 | I81: 1636.89 | J81: 458.21 | K81: 사각형 | L81: 15m×15m | M81: 225 | N81: 1 | O81: 0 | P81: 180 | R81: 철근콘크리트 | V81: 498000000 | AG81: 헬스장(유도장) | AH81: 1 | AI81: 642 | AJ81: 철근콘크리트 | AK81: 마산시씨름협회 위탁관리 | AV81: 5개 동 시설
C82: 거제시 | D82: 고현동 906 | E82: 거제시씨름연습장 | F82: 거제시 | G82: 거제시 | H82: 1500 | I82: 300 | K82: 원형 | L82: 12 | M82: 154 | N82: 1 | P82: 64 | Q82: 계단식 | T82: 2013 | X82: 100
C83: 양산시 | D83: 평산동 283(웅상체육공원 내) | E83: 양산시씨름연습장 | F83: 양산시 | G83: 양산시체육회 | H83: 124794 | I83: 440 | J83: 439.5 | K83: 사각형 | L83: 16.8*12.8 | M83: 215 | N83: 1 | T83: 2023 | X83: 900
C84: 함안군 | D84: 가야읍 도항리 263-6 | E84: 함안씨름장 | F84: 함안군 | G84: 함안체육시설사업소 | H84: 695 | I84: 391 | J84: 391 | K84: 원형 | L84: 10.5 | M84: 391 | N84: 1 | P84: 200 | Q84: 철근콘크리트 | T84: 2013 | X84: 550
C85: 고성군 | D85: 고성읍 교사리 392-3 | E85: 고성군야외씨름장 | F85: 고성군 | G85: 고성군 | H85: 3500 | I85: 1485.45 | J85: 1434.04 | K85: 팔각형 | L85: 지름23m | M85: 86.5 | N85: 1 | O85: 700 | P85: 700 | Q85: 목재 계단식 | R85: 철근콘크리트 | T85: 2004 | U85: 166백만원 | V85: 150백만원 | X85: 1779 | AV85: 막구조(2017)
C86: 산청군 | D86: 금서면 매촌리 1 | E86: 공설씨름장 | F86: 산청군 | G86: 산청군 | H86: 85519 | I86: 399 | J86: 399 | K86: 직사각형 | L86: 19*18 | N86: 1 | T86: 2020
C87: 거창군 | D87: 심소정길 39-36 | E87: 거창실버레포츠 타운 씨름장 | F87: 거창군 | G87: 거창군 | H87: 918 | I87: 452 | J87: 452 | K87: 원형 | L87: 지름 11m | M87: 137 | N87: 1 | P87: 200 | Q87: 계단식 (콘크리트) | T87: 2014
B88: 제주 | C88: 제주시 | D88: 오라1동 1163-4 | E88: 제주종합경기장 한라씨름장 | F88: 제주특별 자 치 도 | G88: 제주시(체육진흥과) | H88: 1950 | I88: 1850 | J88: 1950 | K88: 원형 | L88: 18(r=9) | M88: 326 | N88: 1 | P88: 700 | Q88: 계단식 (콘크리트) | R88: 철근콘크리트 | T88: 2008 | V88: 139백만원 | X88: 812

Sheet 8.총괄표
A1: 8. 간이운동장(마을체육시설)
A2: 지 역 | B2: 시 설 수(설 치 유 형 별) | K2: 시 설 조성면적 (㎡) | L2: 시 설 내 역
B3: 계 (개소) | C3: 체 육 공 원 | D3: 둔 치 | E3: 마 을 공 터 | F3: 아 파 트 단 지 | G3: 약 수 터 | H3: 등 산 로 | I3: 도 시 공 원 | J3: 기 타 | L3: ① 간 이 운 동 시 설 (면) | Y3: ② 체력단련 시 설 (점) | Z3: ③ 부대편익 시 설 (점)
L4: 계 | M4: 축 구 장 | N4: 배 구 장 | O4: 농 구 장 | P4: 씨 름 장 | Q4: 테 니 스 장 | R4: 게 이 트 볼 장 | S4: 운 동 광 장 | T4: 배 드 민 턴 장 | U4: 체 조 장 | V4: 로 울 러 장 | W4: 수 영 장 | X4: 기 타
A5: 계 | B5: =SUM(B6:B22) -> 27850 | C5: =SUM(C6:C22) -> 970 | D5: =SUM(D6:D22) -> 763 | E5: =SUM(E6:E22) -> 11291 | F5: =SUM(F6:F22) -> 1119 | G5: =SUM(G6:G22) -> 590 | H5: =SUM(H6:H22) -> 1828 | I5: =SUM(I6:I22) -> 6126 | ... Z5: =SUM(Z6:Z22) -> 96338
A6: 서 울 | B6: ='01서울'!B5 -> 2538 | C6: ='01서울'!C5 -> 21 | D6: ='01서울'!D5 -> 52 | E6: ='01서울'!E5 -> 145 | F6: ='01서울'!F5 -> 88 | G6: ='01서울'!G5 -> 282 | H6: ='01서울'!H5 -> 284 | I6: ='01서울'!I5 -> 1372 | ... Z6: ='01서울'!Z5 -> 14764
A7: 부 산 | B7: ='02부산'!B5 -> 1576 | C7: ='02부산'!C5 -> 80 | D7: ='02부산'!D5 -> 75 | E7: ='02부산'!E5 -> 410 | F7: ='02부산'!F5 -> 34 | G7: ='02부산'!G5 -> 94 | H7: ='02부산'!H5 -> 292 | I7: ='02부산'!I5 -> 352 | ... Z7: ='02부산'!Z5 -> 6768
A8: 대 구 | B8: ='03대구'!B5 -> 760 | C8: ='03대구'!C5 -> 4 | D8: ='03대구'!D5 -> 50 | E8: ='03대구'!E5 -> 54 | F8: ='03대구'!F5 -> 13 | G8: ='03대구'!G5 -> 4 | H8: ='03대구'!H5 -> 46 | I8: ='03대구'!I5 -> 290 | ... Z8: ='03대구'!Z5 -> 5306
A9: 인 천 | B9: ='04인천'!B5 -> 989 | C9: ='04인천'!C5 -> 14 | D9: ='04인천'!D5 -> 0 | E9: ='04인천'!E5 -> 247 | F9: ='04인천'!F5 -> 58 | G9: ='04인천'!G5 -> 10 | H9: ='04인천'!H5 -> 19 | I9: ='04인천'!I5 -> 477 | ... Z9: ='04인천'!Z5 -> 23868
A10: 광 주 | B10: ='05광주'!B5 -> 1043 | C10: ='05광주'!C5 -> 10 | D10: ='05광주'!D5 -> 9 | E10: ='05광주'!E5 -> 200 | F10: ='05광주'!F5 -> 364 | G10: ='05광주'!G5 -> 1 | H10: ='05광주'!H5 -> 56 | I10: ='05광주'!I5 -> 195 | ... Z10: ='05광주'!Z5 -> 2075
A11: 대 전 | B11: ='06대전'!B5 -> 557 | C11: ='06대전'!C5 -> 5 | D11: ='06대전'!D5 -> 23 | E11: ='06대전'!E5 -> 22 | F11: ='06대전'!F5 -> 99 | G11: ='06대전'!G5 -> 15 | H11: ='06대전'!H5 -> 32 | I11: ='06대전'!I5 -> 228 | ... Z11: ='06대전'!Z5 -> 893
A12: 울 산 | B12: ='07울산'!B5 -> 263 | C12: ='07울산'!C5 -> 5 | D12: ='07울산'!D5 -> 17 | E12: ='07울산'!E5 -> 51 | F12: ='07울산'!F5 -> 4 | G12: ='07울산'!G5 -> 6 | H12: ='07울산'!H5 -> 49 | I12: ='07울산'!I5 -> 21 | ... Z12: ='07울산'!Z5 -> 1602
A13: 세 종 | B13: ='08세종'!B5 -> 50 | C13: ='08세종'!C5 -> 6 | D13: ='08세종'!D5 -> 6 | E13: ='08세종'!E5 -> 1 | F13: ='08세종'!F5 -> 0 | G13: ='08세종'!G5 -> 0 | H13: ='08세종'!H5 -> 0 | I13: ='08세종'!I5 -> 22 | ... Z13: ='08세종'!Z5 -> 86
A14: 경 기 | B14: ='09경기'!B5 -> 2566 | C14: ='09경기'!C5 -> 142 | D14: ='09경기'!D5 -> 93 | E14: ='09경기'!E5 -> 403 | F14: ='09경기'!F5 -> 9 | G14: ='09경기'!G5 -> 102 | H14: ='09경기'!H5 -> 101 | I14: ='09경기'!I5 -> 1233 | ... Z14: ='09경기'!Z5 -> 10755
A15: 강 원 | B15: ='10강원'!B5 -> 2114 | C15: ='10강원'!C5 -> 141 | D15: ='10강원'!D5 -> 103 | E15: ='10강원'!E5 -> 951 | F15: ='10강원'!F5 -> 48 | G15: ='10강원'!G5 -> 24 | H15: ='10강원'!H5 -> 128 | I15: ='10강원'!I5 -> 394 | ... Z15: ='10강원'!Z5 -> 3154
A16: 충 북 | B16: ='11충북'!B5 -> 2259 | C16: ='11충북'!C5 -> 84 | D16: ='11충북'!D5 -> 21 | E16: ='11충북'!E5 -> 1527 | F16: ='11충북'!F5 -> 56 | G16: ='11충북'!G5 -> 1 | H16: ='11충북'!H5 -> 72 | I16: ='11충북'!I5 -> 262 | ... Z16: ='11충북'!Z5 -> 3972
A17: 충 남 | B17: ='12충남'!B5 -> 1728 | C17: ='12충남'!C5 -> 44 | D17: ='12충남'!D5 -> 52 | E17: ='12충남'!E5 -> 1019 | F17: ='12충남'!F5 -> 98 | G17: ='12충남'!G5 -> 5 | H17: ='12충남'!H5 -> 78 | I17: ='12충남'!I5 -> 176 | ... Z17: ='12충남'!Z5 -> 2639
A18: 전 북 | B18: ='13전북'!B5 -> 787 | C18: ='13전북'!C5 -> 67 | D18: ='13전북'!D5 -> 27 | E18: ='13전북'!E5 -> 407 | F18: ='13전북'!F5 -> 10 | G18: ='13전북'!G5 -> 0 | H18: ='13전북'!H5 -> 49 | I18: ='13전북'!I5 -> 31 | ... Z18: ='13전북'!Z5 -> 3897
A19: 전 남 | B19: ='14전남'!B5 -> 3553 | C19: ='14전남'!C5 -> 54 | D19: ='14전남'!D5 -> 78 | E19: ='14전남'!E5 -> 2334 | F19: ='14전남'!F5 -> 82 | G19: ='14전남'!G5 -> 14 | H19: ='14전남'!H5 -> 143 | I19: ='14전남'!I5 -> 339 | ... Z19: ='14전남'!Z5 -> 4979
A20: 경 북 | B20: ='15경북'!B5 -> 4317 | C20: ='15경북'!C5 -> 101 | D20: ='15경북'!D5 -> 122 | E20: ='15경북'!E5 -> 2314 | F20: ='15경북'!F5 -> 118 | G20: ='15경북'!G5 -> 10 | H20: ='15경북'!H5 -> 281 | I20: ='15경북'!I5 -> 424 | ... Z20: ='15경북'!Z5 -> 4244
A21: 경 남 | B21: ='16경남'!B5 -> 2260 | C21: ='16경남'!C5 -> 124 | D21: ='16경남'!D5 -> 35 | E21: ='16경남'!E5 -> 982 | F21: ='16경남'!F5 -> 28 | G21: ='16경남'!G5 -> 22 | H21: ='16경남'!H5 -> 177 | I21: ='16경남'!I5 -> 284 | ... Z21: ='16경남'!Z5 -> 6980
A22: 제 주 | B22: ='17제주'!B5 -> 490 | C22: ='17제주'!C5 -> 68 | D22: ='17제주'!D5 -> 0 | E22: ='17제주'!E5 -> 224 | F22: ='17제주'!F5 -> 10 | G22: ='17제주'!G5 -> 0 | H22: ='17제주'!H5 -> 21 | I22: ='17제주'!I5 -> 26 | ... Z22: ='17제주'!Z5 -> 356

Sheet 01서울
A1: 서울특별시
A2: 지 역 | B2: 시 설 수(설치유형별) | K2: 시 설 조성면적 (㎡) | L2: 시 설 내 역
B3: 계 (개소) | C3: 체 육 공 원 | D3: 둔 치 | E3: 마 을 공 터 | F3: 아 파 트 단 지 | G3: 약 수 터 | H3: 등 산 로 | I3: 도 시 공 원 | J3: 기 타 | L3: 간이운동시설 | Y3: 체력단련 시 설 (점) | Z3: 부대편익 시 설 (점)
L4: 계 | M4: 축 구 장 | N4: 배 구 장 | O4: 농 구 장 | P4: 씨 름 장 | Q4: 테 니 스 장 | R4: 게 이 트 볼 장 | S4: 운 동 광 장 | T4: 배 드 민 턴 장 | U4: 체 조 장 | V4: 로 울 러 장 | W4: 수 영 장 | X4: 기 타
A5: p | B5: =SUM(B6:B30) -> 2538 | C5: =SUM(C6:C30) -> 21 | D5: =SUM(D6:D30) -> 52 | E5: =SUM(E6:E30) -> 145 | F5: =SUM(F6:F30) -> 88 | G5: =SUM(G6:G30) -> 282 | H5: =SUM(H6:H30) -> 284 | I5: =SUM(I6:I30) -> 1372 | ... Z5: =SUM(Z6:Z30) -> 14764
A6: 종로구 | B6: =SUM(C6:J6) -> 27 | C6: 1 | D6: 0 | E6: 0 | F6: 0 | G6: 7 | H6: 3 | I6: 1 | J6: 15 | K6: 14517 | L6: =SUM(M6:X6) -> 27 | M6: 0 | N6: 0 | O6: 3 | P6: 0 | Q6: 0 | R6: 0 | S6: 5 | T6: 1 | U6: 0 | V6: 0 | W6: 0 | X6: 18 | Y6: 398 | Z6: 145
A7: 중 구 | B7: =SUM(C7:J7) -> 19 | C7: 1 | D7: 0 | E7: 0 | F7: 0 | G7: 0 | H7: 0 | I7: 18 | J7: 0 | K7: 348285 | L7: =SUM(M7:X7) -> 14 | M7: 1 | N7: 0 | O7: 0 | P7: 0 | Q7: 1 | R7: 1 | S7: 0 | T7: 2 | U7: 0 | V7: 0 | W7: 0 | X7: 9 | Y7: 252 | Z7: 214
A8: 용산구 | B8: =SUM(C8:J8) -> 19 | C8: 0 | D8: 0 | E8: 0 | F8: 0 | G8: 0 | H8: 0 | I8: 15 | J8: 4 | K8: 35221 | L8: =SUM(M8:X8) -> 66 | M8: 5 | N8: 0 | O8: 2 | P8: 0 | Q8: 21 | R8: 3 | S8: 0 | T8: 27 | U8: 0 | V8: 2 | W8: 4 | X8: 2 | Y8: 586 | Z8: 178
A9: 성동구 | B9: =SUM(C9:J9) -> 66 | C9: 2 | D9: 0 | E9: 0 | F9: 0 | G9: 0 | H9: 8 | I9: 38 | J9: 18 | K9: 83571 | L9: =SUM(M9:X9) -> 81 | M9: 4 | N9: 0 | O9: 8 | P9: 0 | Q9: 5 | R9: 4 | S9: 0 | T9: 48 | U9: 0 | V9: 3 | W9: 0 | X9: 9 | Y9: 736 | Z9: 63
A10: 광진구 | B10: =SUM(C10:J10) -> 76 | C10: 3 | D10: 0 | E10: 0 | F10: 7 | G10: 0 | H10: 0 | I10: 40 | J10: 26 | K10: 103200 | L10: =SUM(M10:X10) -> 94 | M10: 1 | N10: 0 | O10: 7 | P10: 0 | Q10: 11 | R10: 3 | S10: 2 | T10: 29 | U10: 0 | V10: 2 | W10: 3 | X10: 36 | Y10: 792 | Z10: 71
A11: 동대문구 | B11: =SUM(C11:J11) -> 43 | C11: 5 | D11: 0 | E11: 6 | F11: 0 | G11: 1 | H11: 1 | I11: 30 | J11: 0 | K11: 647893 | L11: =SUM(M11:X11) -> 49 | M11: 0 | N11: 0 | O11: 7 | P11: 0 | Q11: 1 | R11: 6 | S11: 0 | T11: 21 | U11: 0 | V11: 5 | W11: 0 | X11: 9 | Y11: 501 | Z11: 12
A12: 중랑구 | B12: =SUM(C12:J12) -> 97 | C12: 0 | D12: 3 | E12: 1 | F12: 0 | G12: 17 | H12: 29 | I12: 47 | J12: 0 | K12: 115325 | L12: =SUM(M12:X12) -> 73 | M12: 1 | N12: 2 | O12: 9 | P12: 0 | Q12: 3 | R12: 10 | S12: 3 | T12: 23 | U12: 4 | V12: 6 | W12: 0 | X12: 12 | Y12: 796 | Z12: 635
A13: 성북구 | B13: =SUM(C13:J13) -> 141 | C13: 0 | D13: 0 | E13: 43 | F13: 0 | G13: 2 | H13: 23 | I13: 72 | J13: 1 | K13: 37375 | L13: =SUM(M13:X13) -> 141 | M13: 2 | N13: 0 | O13: 6 | P13: 0 | Q13: 9 | R13: 2 | S13: 0 | T13: 122 | U13: 0 | V13: 0 | W13: 0 | X13: 0 | Y13: 1141 | Z13: 810
A14: 강북구 | B14: =SUM(C14:J14) -> 136 | C14: 0 | D14: 8 | E14: 0 | F14: 16 | G14: 24 | H14: 29 | I14: 52 | J14: 7 | K14: 127562.8 | L14: =SUM(M14:X14) -> 120 | M14: 1 | N14: 0 | O14: 2 | P14: 0 | Q14: 9 | R14: 3 | S14: 0 | T14: 13 | U14: 6 | V14: 0 | W14: 3 | X14: 83 | Y14: 363 | Z14: 302
A15: 도봉구 | B15: =SUM(C15:J15) -> 90 | C15: 1 | D15: 0 | E15: 0 | F15: 0 | G15: 4 | H15: 0 | I15: 71 | J15: 14 | K15: 1252548 | L15: =SUM(M15:X15) -> 105 | M15: 1 | N15: 1 | O15: 2 | P15: 0 | Q15: 2 | R15: 1 | S15: 1 | T15: 10 | U15: 0 | V15: 0 | W15: 0 | X15: 87 | Y15: 527 | Z15: 40
A16: 노원구 | B16: =SUM(C16:J16) -> 206 | C16: 0 | D16: 0 | E16: 0 | F16: 0 | G16: 44 | H16: 26 | I16: 119 | J16: 17 | K16: 730927 | L16: =SUM(M16:X16) -> 93 | M16: 4 | N16: 2 | O16: 19 | P16: 0 | Q16: 3 | R16: 3 | S16: 8 | T16: 31 | U16: 0 | V16: 0 | W16: 0 | X16: 23 | Y16: 910 | Z16: 1519
A17: 은평구 | B17: =SUM(C17:J17) -> 37 | C17: 2 | D17: 1 | E17: 1 | F17: 0 | G17: 9 | H17: 5 | I17: 11 | J17: 8 | K17: 9435 | L17: =SUM(M17:X17) -> 52 | M17: 4 | N17: 1 | O17: 5 | P17: 0 | Q17: 1 | R17: 10 | S17: 1 | T17: 30 | U17: 0 | V17: 0 | W17: 0 | X17: 0 | Y17: 853 | Z17: 642
... A30: 강동구 | B30: =SUM(C30:J30) -> 42 | C30: 0 | D30: 0 | E30: 6 | F30: 0 | G30: 6 | H30: 0 | I30: 18 | J30: 12 | K30: 53533 | L30: =SUM(M30:X30) -> 48 | M30: 1 | N30: 0 | O30: 13 | P30: 0 | Q30: 2 | R30: 8 | S30: 0 | T30: 22 | U30: 0 | V30: 0 | W30: 0 | X30: 2 | Y30: 594 | Z30: 1254

Sheet 02부산
A1: 부산광역시
A2: 지 역 | B2: 시 설 수(설 치 유 형 별) | K2: 시 설 조성면적 (㎡) | L2: 시 설 내 역
B3: 계 (개소) | C3: 체 육 공 원 | D3: 둔 치 | E3: 마 을 공 터 | F3: 아 파 트 단 지 | G3: 약 수 터 | H3: 등 산 로 | I3: 도 시 공 원 | J3: 기 타 | L3: ① 간 이 운 동 시 설 (면) | Y3: ② 체력단련 시 설 (점) | Z3: ③ 부대편익 시 설 (점)
L4: 계 | M4: 축 구 장 | N4: 배 구 장 | O4: 농 구 장 | P4: 씨 름 장 | Q4: 테 니 스 장 | R4: 게 이 트 볼 장 | S4: 운 동 광 장 | T4: 배 드 민 턴 장 | U4: 체 조 장 | V4: 로 울 러 장 | W4: 수 영 장 | X4: 기 타
A5: 계 | B5: =SUM(B6:B21) -> 1576 | C5: =SUM(C6:C21) -> 80 | D5: =SUM(D6:D21) -> 75 | E5: =SUM(E6:E21) -> 410 | F5: =SUM(F6:F21) -> 34 | G5: =SUM(G6:G21) -> 94 | H5: =SUM(H6:H21) -> 292 | I5: =SUM(I6:I21) -> 352 | ... Z5: =SUM(Z6:Z21) -> 6768
A6: 중구 | B6: =SUM(C6:J6) -> 21 | C6: 3 | D6: 0 | E6: 4 | F6: 0 | G6: 0 | H6: 0 | I6: 11 | J6: 3 | K6: 47840 | L6: =SUM(M6:X6) -> 13 | M6: 0 | N6: 0 | O6: 1 | P6: 0 | Q6: 2 | R6: 2 | S6: 0 | T6: 3 | U6: 0 | V6: 0 | W6: 0 | X6: 5 | Y6: 233 | Z6: 286
A7: 서구 | B7: 79 | C7: 1 | D7: 0 | E7: 44 | F7: 0 | G7: 0 | H7: 11 | I7: 13 | J7: 10 | K7: 26560 | L7: 12 | M7: 0 | N7: 0 | O7: 0 | P7: 0 | Q7: 3 | R7: 0 | S7: 1 | T7: 4 | U7: 0 | V7: 0 | W7: 0 | X7: 4 | Y7: 472 | Z7: 248
A8: 동구 | B8: =SUM(C8:J8) -> 90 | C8: 9 | D8: 0 | E8: 62 | F8: 0 | G8: 0 | H8: 19 | I8: 0 | J8: 0 | K8: 104724 | L8: =SUM(M8:X8) -> 45 | M8: 0 | N8: 0 | O8: 2 | P8: 0 | Q8: 2 | R8: 3 | S8: 0 | T8: 28 | U8: 0 | V8: 0 | W8: 0 | X8: 10 | Y8: 633 | Z8: 439
A9: 영도구 | B9: =SUM(C9:J9) -> 55 | C9: 0 | D9: 0 | E9: 12 | F9: 4 | G9: 5 | H9: 9 | I9: 0 | J9: 25 | K9: 52481 | L9: 14 | M9: 0 | N9: 1 | O9: 3 | P9: 0 | Q9: 1 | R9: 0 | S9: 2 | T9: 4 | U9: 0 | V9: 0 | W9: 0 | X9: 3 | Y9: 599 | Z9: 314
A10: 부산진구 | B10: =SUM(C10:J10) -> 234 | C10: 0 | D10: 0 | E10: 54 | F10: 19 | G10: 24 | H10: 45 | I10: 25 | J10: 67 | K10: 53760 | L10: =SUM(M10:X10) -> 13 | M10: 0 | N10: 0 | O10: 0 | P10: 0 | Q10: 0 | R10: 0 | S10: 0 | T10: 10 | U10: 0 | V10: 0 | W10: 0 | X10: 3 | Y10: 1787 | Z10: 1014
A11: 동래구 | B11: =SUM(C11:J11) -> 50 | C11: 0 | D11: 12 | E11: 1 | F11: 1 | G11: 0 | H11: 9 | I11: 23 | J11: 4 | K11: 48623 | L11: 41 | M11: 0 | N11: 0 | O11: 8 | P11: 0 | Q11: 0 | R11: 5 | S11: 0 | T11: 13 | U11: 1 | V11: 2 | W11: 0 | X11: 12 | Y11: 440 | Z11: 404
A12: 남구 | B12: =SUM(C12:J12) -> 58 | C12: 1 | D12: 0 | E12: 16 | F12: 0 | G12: 6 | H12: 24 | I12: 8 | J12: 3 | K12: 119010 | L12: =SUM(M12:X12) -> 40 | M12: 0 | N12: 0 | O12: 4 | P12: 0 | Q12: 0 | R12: 2 | S12: 0 | T12: 23 | U12: 0 | V12: 0 | W12: 0 | X12: 11 | Y12: 944 | Z12: 600
A13: 북구 | B13: =SUM(C13:J13) -> 131 | C13: 59 | D13: 3 | E13: 7 | F13: 1 | G13: 13 | H13: 23 | I13: 25 | J13: 0 | K13: 80364 | L13: =SUM(M13:X13) -> 23 | M13: 0 | N13: 0 | O13: 0 | P13: 0 | Q13: 0 | R13: 5 | S13: 0 | T13: 11 | U13: 0 | V13: 0 | W13: 0 | X13: 7 | Y13: 1376 | Z13: 436
A14: 해운대구 | B14: =SUM(C14:J14) -> 132 | C14: 3 | D14: 13 | E14: 0 | F14: 0 | G14: 0 | H14: 47 | I14: 54 | J14: 15 | K14: 171017 | L14: 22 | M14: 0 | N14: 0 | O14: 4 | P14: 0 | Q14: 2 | R14: 0 | S14: 0 | T14: 11 | U14: 0 | V14: 0 | W14: 0 | X14: 5 | Y14: 1541 | Z14: 541
A15: 사하구 | B15: =SUM(C15:J15) -> 51 | C15: 0 | D15: 0 | E15: 10 | F15: 0 | G15: 11 | H15: 16 | I15: 5 | J15: 9 | K15: 86522 | L15: =SUM(M15:X15) -> 39 | M15: 1 | N15: 0 | O15: 4 | P15: 0 | Q15: 5 | R15: 3 | S15: 0 | T15: 14 | U15: 0 | V15: 0 | W15: 0 | X15: 12 | Y15: 1366 | Z15: 514
A16: 금정구 | B16: =SUM(C16:J16) -> 110 | C16: 0 | D16: 20 | E16: 19 | F16: 4 | G16: 5 | H16: 18 | I16: 33 | J16: 11 | K16: 43721 | L16: =SUM(M16:X16) -> 63 | M16: 0 | N16: 1 | O16: 4 | P16: 1 | Q16: 7 | R16: 6 | S16: 0 | T16: 34 | U16: 0 | V16: 0 | W16: 0 | X16: 10 | Y16: 983 | Z16: 362
A17: 강서구 | B17: =SUM(C17:J17) -> 128 | C17: 0 | D17: 1 | E17: 79 | F17: 1 | G17: 0 | H17: 3 | I17: 20 | J17: 24 | K17: 50170 | L17: =SUM(M17:X17) -> 166 | M17: 0 | N17: 0 | O17: 9 | P17: 0 | Q17: 15 | R17: 7 | S17: 0 | T17: 4 | U17: 0 | V17: 0 | W17: 0 | X17: 131 | Y17: 1141 | Z17: 268
A18: 연제구 | B18: =SUM(C18:J18) -> 51 | C18: 2 | D18: 7 | E18: 8 | F18: 0 | G18: 0 | H18: 13 | I18: 16 | J18: 5 | K18: 59711 | L18: =SUM(M18:X18) -> 20 | M18: 0 | N18: 0 | O18: 1 | P18: 0 | Q18: 0 | R18: 3 | S18: 0 | T18: 13 | U18: 0 | V18: 0 | W18: 0 | X18: 3 | Y18: 927 | Z18: 344
A19: 수영구 | B19: =SUM(C19:J19) -> 67 | C19: 0 | D19: 1 | E19: 10 | F19: 3 | G19: 4 | H19: 21 | I19: 17 | J19: 11 | K19: 57600 | L19: =SUM(M19:X19) -> 19 | M19: 0 | N19: 0 | O19: 3 | P19: 0 | Q19: 1 | R19: 3 | S19: 0 | T19: 7 | U19: 0 | V19: 0 | W19: 0 | X19: 5 | Y19: 816 | Z19: 320
A20: 사상구 | B20: 147 | C20: 1 | D20: 16 | E20: 13 | F20: 0 | G20: 26 | H20: 17 | I20: 31 | J20: 43 | K20: 60523 | L20: 26 | M20: 0 | N20: 0 | O20: 4 | P20: 0 | Q20: 5 | R20: 3 | S20: 0 | T20: 8 | U20: 0 | V20: 0 | W20: 1 | X20: 5 | Y20: 891 | Z20: 500
A21: 기장군 | B21: =SUM(C21:J21) -> 172 | C21: 1 | D21: 2 | E21: 71 | F21: 1 | G21: 0 | H21: 17 | I21: 71 | J21: 9 | K21: 1089537 | L21: =SUM(M21:X21) -> 96 | M21: 5 | N21: 2 | O21: 27 | P21: 0 | Q21: 9 | R21: 7 | S21: 0 | T21: 27 | U21: 0 | V21: 0 | W21: 0 | X21: 19 | Y21: 533 | Z21: 178

Sheet 03대구
A1: 대구광역시
A2: 지 역 | B2: 시 설 수(설 치 유 형 별) | K2: 시 설 조성면적 (㎡) | L2: 시 설 내 역
B3: 계 (개소) | C3: 체 육 공 원 | D3: 둔 치 | E3: 마 을 공 터 | F3: 아 파 트 단 지 | G3: 약 수 터 | H3: 등 산 로 | I3: 도 시 공 원 | J3: 기 타 | L3: ① 간 이 운 동 시 설 (면) | Y3: ② 체력단련 시 설 (점) | Z3: ③ 부대편익 시 설 (점)
L4: 계 | M4: 축 구 장 | N4: 배 구 장 | O4: 농 구 장 | P4: 씨 름 장 | Q4: 테 니 스 장 | R4: 게 이 트 볼 장 | S4: 운 동 광 장 | T4: 배 드 민 턴 장 | U4: 체 조 장 | V4: 로 울 러 장 | W4: 수 영 장 | X4: 기 타
A5: 계 | B5: =SUM(B7:B15) -> 760 | C5: =SUM(C7:C14) -> 4 | D5: =SUM(D7:D14) -> 50 | E5: =SUM(E7:E14) -> 54 | F5: =SUM(F7:F14) -> 13 | G5: =SUM(G7:G14) -> 4 | H5: =SUM(H7:H14) -> 46 | I5: =SUM(I7:I14) -> 290 | J5: =SUM(J7:J14) -> 199 | K5: =SUM(K7:K14) -> 966216 | L5: =SUM(L7:L15) -> 549 | M5: =SUM(M7:M14) -> 23 | N5: =SUM(N7:N14) -> 5 | O5: =SUM(O7:O14) -> 50 | P5: =SUM(P7:P14) -> 0 | Q5: =SUM(Q7:Q14) -> 33 | R5: =SUM(R7:R14) -> 109 | S5: =SUM(S7:S14) -> 1 | T5: =SUM(T7:T14) -> 134 | ... Z5: =SUM(Z7:Z14) -> 5306
A6: 대구광역시 | B6: =SUM(C6:J6) -> 3 | C6: 0 | D6: 3 | E6: 0 | F6: 0 | G6: 0 | H6: 0 | I6: 0 | J6: 0 | K6: 0 | L6: =SUM(M6:X6) -> 0 | M6: 0 | N6: 0 | O6: 0 | P6: 0 | Q6: 0 | R6: 0 | S6: 0 | T6: 0 | U6: 0 | V6: 0 | W6: 0 | X6: 0 | Y6: 0 | Z6: 0
A7: 중구 | B7: =SUM(C7:J7) -> 33 | C7: 0 | D7: 2 | E7: 7 | F7: 11 | G7: 0 | H7: 0 | I7: 5 | J7: 8 | K7: 61393 | L7: =SUM(M7:X7) -> 15 | M7: 0 | N7: 0 | O7: 2 | P7: 0 | Q7: 1 | R7: 7 | S7: 0 | T7: 3 | U7: 2 | V7: 0 | W7: 0 | X7: 0 | Y7: 134 | Z7: 31
A8: 동구 | B8: =SUM(C8:J8) -> 51 | C8: 1 | D8: 19 | E8: 20 | F8: 1 | G8: 0 | H8: 1 | I8: 2 | J8: 7 | K8: 84414 | L8: =SUM(M8:X8) -> 52 | M8: 4 | N8: 0 | O8: 7 | P8: 0 | Q8: 0 | R8: 10 | S8: 1 | T8: 9 | U8: 0 | V8: 2 | W8: 0 | X8: 19 | Y8: 555 | Z8: 457
A9: 서구 | B9: =SUM(C9:J9) -> 66 | C9: 0 | D9: 0 | E9: 0 | F9: 0 | G9: 0 | H9: 3 | I9: 26 | J9: 37 | K9: 17881 | L9: =SUM(M9:X9) -> 24 | M9: 0 | N9: 0 | O9: 2 | P9: 0 | Q9: 2 | R9: 7 | S9: 0 | T9: 11 | U9: 0 | V9: 0 | W9: 0 | X9: 2 | Y9: 797 | Z9: 206
A10: 남구 | B10: =SUM(C10:J10) -> 50 | C10: 0 | D10: 0 | E10: 2 | F10: 0 | G10: 2 | H10: 12 | I10: 23 | J10: 11 | K10: 50160 | L10: =SUM(M10:X10) -> 31 | M10: 0 | N10: 0 | O10: 1 | P10: 0 | Q10: 3 | R10: 7 | S10: 0 | T10: 13 | U10: 4 | V10: 0 | W10: 0 | X10: 3 | Y10: 515 | Z10: 456
A11: 북구 | B11: =SUM(C11:J11) -> 75 | C11: 1 | D11: 15 | E11: 3 | F11: 0 | G11: 0 | H11: 7 | I11: 14 | J11: 35 | K11: 166292 | L11: =SUM(M11:X11) -> 149 | M11: 15 | N11: 3 | O11: 22 | P11: 0 | Q11: 17 | R11: 16 | S11: 0 | T11: 35 | U11: 0 | V11: 0 | W11: 0 | X11: 41 | Y11: 890 | Z11: 336
A12: 수성구 | B12: =SUM(C12:J12) -> 117 | C12: 1 | D12: 8 | E12: 4 | F12: 0 | G12: 0 | H12: 17 | I12: 65 | J12: 22 | K12: 261516 | L12: =SUM(M12:X12) -> 90 | M12: 2 | N12: 0 | O12: 3 | P12: 0 | Q12: 9 | R12: 19 | S12: 0 | T12: 16 | U12: 4 | V12: 1 | W12: 0 | X12: 36 | Y12: 1062 | Z12: 751
A13: 달서구 | B13: =SUM(C13:J13) -> 220 | C13: 1 | D13: 0 | E13: 0 | F13: 0 | G13: 0 | H13: 3 | I13: 153 | J13: 63 | K13: 86470 | L13: =SUM(M13:X13) -> 77 | M13: 2 | N13: 1 | O13: 5 | P13: 0 | Q13: 1 | R13: 21 | S13: 0 | T13: 29 | U13: 0 | V13: 0 | W13: 0 | X13: 18 | Y13: 1370 | Z13: 2833
A14: 달성군 | B14: =SUM(C14:J14) -> 48 | C14: 0 | D14: 6 | E14: 18 | F14: 1 | G14: 2 | H14: 3 | I14: 2 | J14: 16 | K14: 238090 | L14: =SUM(M14:X14) -> 65 | M14: 0 | N14: 1 | O14: 8 | P14: 0 | Q14: 0 | R14: 22 | S14: 0 | T14: 18 | U14: 0 | V14: 1 | W14: 0 | X14: 15 | Y14: 317 | Z14: 236
A15: 군위군 | B15: =SUM(C15:J15) -> 100 | C15: 1 | D15: 0 | E15: 89 | F15: 0 | G15: 0 | H15: 10 | I15: 0 | J15: 0 | K15: 48686 | L15: =SUM(M15:X15) -> 46 | M15: 2 | N15: 0 | O15: 6 | P15: 1 | Q15: 19 | R15: 14 | S15: 0 | T15: 1 | U15: 0 | V15: 0 | W15: 1 | X15: 2 | Y15: 506 | Z15: 76

Sheet 04인천
A1: 인천광역시
A2: 지 역 | B2: 시 설 수(설 치 유 형 별) | K2: 시 설 조성면적 (㎡) | L2: 시 설 내 역
B3: 계 (개소) | C3: 체 육 공 원 | D3: 둔 치 | E3: 마 을 공 터 | F3: 아 파 트 단 지 | G3: 약 수 터 | H3: 등 산 로 | I3: 도 시 공 원 | J3: 기 타 | L3: ① 간 이 운 동 시 설 (면) | Y3: ② 체력단련 시 설 (점) | Z3: ③ 부대편익 시 설 (점)
L4: 계 | M4: 축 구 장 | N4: 배 구 장 | O4: 농 구 장 | P4: 씨 름 장 | Q4: 테 니 스 장 | R4: 게 이 트 볼 장 | S4: 운 동 광 장 | T4: 배 드 민 턴 장 | U4: 체 조 장 | V4: 로 울 러 장 | W4: 수 영 장 | X4: 기 타
A5: 계 | B5: =SUM(B6:B15) -> 989 | C5: =SUM(C6:C15) -> 14 | D5: =SUM(D6:D15) -> 0 | E5: =SUM(E6:E15) -> 247 | F5: =SUM(F6:F15) -> 58 | G5: =SUM(G6:G15) -> 10 | H5: =SUM(H6:H15) -> 19 | I5: =SUM(I6:I15) -> 477 | ... Z5: =SUM(Z6:Z15) -> 23868
A6: 중구 | B6: =SUM(C6:J6) -> 105 | C6: 1 | D6: 0 | E6: 25 | F6: 11 | G6: 0 | H6: 2 | I6: 18 | J6: 48 | K6: 20981 | L6: =SUM(M6:X6) -> 25 | M6: 2 | N6: 0 | O6: 4 | P6: 0 | Q6: 0 | R6: 4 | S6: 0 | T6: 6 | U6: 0 | V6: 4 | W6: 0 | X6: 5 | Y6: 794 | Z6: 0
A7: 동 구 | B7: =SUM(C7:J7) -> 44 | C7: 1 | D7: 0 | E7: 25 | F7: 10 | G7: 0 | H7: 0 | I7: 8 | J7: 0 | K7: 26402 | L7: =SUM(M7:X7) -> 54 | M7: 1 | N7: 0 | O7: 2 | P7: 0 | Q7: 2 | R7: 2 | S7: 0 | T7: 0 | U7: 0 | V7: 1 | W7: 1 | X7: 45 | Y7: 255 | Z7: 0
A8: 미추홀구 | B8: =SUM(C8:J8) -> 153 | C8: 1 | D8: 0 | E8: 73 | F8: 0 | G8: 4 | H8: 4 | I8: 49 | J8: 22 | K8: 67077 | L8: =SUM(M8:X8) -> 144 | M8: 1 | N8: 0 | O8: 23 | P8: 0 | Q8: 5 | R8: 6 | S8: 2 | T8: 75 | U8: 0 | V8: 4 | W8: 0 | X8: 28 | Y8: 725 | Z8: 271
A9: 연수구 | B9: =SUM(C9:J9) -> 88 | C9: 1 | D9: 0 | E9: 0 | F9: 0 | G9: 0 | H9: 0 | I9: 87 | J9: 0 | K9: 25894 | L9: =SUM(M9:X9) -> 40 | M9: 1 | N9: 0 | O9: 11 | P9: 1 | Q9: 3 | R9: 3 | S9: 0 | T9: 12 | U9: 0 | V9: 0 | W9: 1 | X9: 8 | Y9: 762 | Z9: 1125
A10: 남동구 | B10: =SUM(C10:J10) -> 111 | C10: 1 | D10: 0 | E10: 8 | F10: 36 | G10: 2 | H10: 2 | I10: 60 | J10: 2 | K10: 1678812 | L10: =SUM(M10:X10) -> 80 | M10: 1 | N10: 7 | O10: 16 | P10: 0 | Q10: 0 | R10: 3 | S10: 2 | T10: 33 | U10: 0 | V10: 0 | W10: 0 | X10: 18 | Y10: 729 | Z10: 1864
A11: 부평구 | B11: =SUM(C11:J11) -> 129 | C11: 3 | D11: 0 | E11: 10 | F11: 0 | G11: 1 | H11: 4 | I11: 107 | J11: 4 | K11: 131008 | L11: =SUM(M11:X11) -> 109 | M11: 2 | N11: 0 | O11: 20 | P11: 0 | Q11: 12 | R11: 9 | S11: 6 | T11: 37 | U11: 0 | V11: 1 | W11: 2 | X11: 20 | Y11: 967 | Z11: 1443
A12: 계양구 | B12: =SUM(C12:J12) -> 65 | C12: 4 | D12: 0 | E12: 6 | F12: 0 | G12: 1 | H12: 4 | I12: 38 | J12: 12 | K12: 298169 | L12: =SUM(M12:X12) -> 86 | M12: 6 | N12: 0 | O12: 21 | P12: 0 | Q12: 6 | R12: 10 | S12: 0 | T12: 26 | U12: 0 | V12: 0 | W12: 0 | X12: 17 | Y12: 304 | Z12: 1160
A13: 서구 | B13: =SUM(C13:J13) -> 137 | C13: 1 | D13: 0 | E13: 7 | F13: 1 | G13: 2 | H13: 3 | I13: 110 | J13: 13 | K13: 91976 | L13: =SUM(M13:X13) -> 140 | M13: 3 | N13: 0 | O13: 34 | P13: 0 | Q13: 10 | R13: 17 | S13: 13 | T13: 37 | U13: 0 | V13: 2 | W13: 4 | X13: 20 | Y13: 732 | Z13: 17814
A14: 강화군 | B14: =SUM(C14:J14) -> 111 | C14: 0 | D14: 0 | E14: 48 | F14: 0 | G14: 0 | H14: 0 | I14: 0 | J14: 63 | K14: =60896+414+4690+4566.24 -> 70566.24 | L14: =SUM(M14:X14) -> 93 | M14: 3 | N14: 0 | O14: 1 | P14: 0 | Q14: 8 | R14: 59 | S14: 0 | T14: 3 | U14: 0 | V14: 0 | W14: 2 | X14: 17 | Y14: 882 | Z14: 146
A15: 옹진군 | B15: =SUM(C15:J15) -> 46 | C15: 1 | D15: 0 | E15: 45 | F15: 0 | G15: 0 | H15: 0 | I15: 0 | J15: 0 | K15: 14393 | L15: =SUM(M15:X15) -> 36 | M15: 7 | N15: 0 | O15: 7 | P15: 1 | Q15: 0 | R15: 10 | S15: 0 | T15: 2 | U15: 0 | V15: 0 | W15: 0 | X15: 9 | Y15: 551 | Z15: 45

Sheet 05광주
A1: 광주광역시
A2: 지 역 | B2: 시 설 수(설 치 유 형 별) | K2: 시 설 조성면적 (㎡) | L2: 시 설 내 역
B3: 계 (개소) | C3: 체 육 공 원 | D3: 둔 치 | E3: 마 을 공 터 | F3: 아 파 트 단 지 | G3: 약 수 터 | H3: 등 산 로 | I3: 도 시 공 원 | J3: 기 타 | L3: ① 간 이 운 동 시 설 (면) | Y3: ② 체력단련 시 설 (점) | Z3: ③ 부대편익 시 설 (점)
L4: 계 | M4: 축 구 장 | N4: 배 구 장 | O4: 농 구 장 | P4: 씨 름 장 | Q4: 테 니 스 장 | R4: 게 이 트 볼 장 | S4: 운 동 광 장 | T4: 배 드 민 턴 장 | U4: 체 조 장 | V4: 로 울 러 장 | W4: 수 영 장 | X4: 기 타
A5: 계 | B5: =SUM(B6:B10) -> 1043 | C5: =SUM(C6:C10) -> 10 | D5: =SUM(D6:D10) -> 9 | E5: =SUM(E6:E10) -> 200 | F5: =SUM(F6:F10) -> 364 | G5: =SUM(G6:G10) -> 1 | H5: =SUM(H6:H10) -> 56 | I5: =SUM(I6:I10) -> 195 | ... Z5: =SUM(Z6:Z10) -> 2075
A6: 동 구 | B6: 133 | C6: 1 | D6: 1 | E6: 50 | F6: 34 | G6: 1 | H6: 18 | I6: 2 | J6: 26 | K6: 61445 | L6: =SUM(M6:X6) -> 18 | M6: 1 | N6: 0 | O6: 5 | P6: 0 | Q6: 3 | R6: 5 | S6: 0 | T6: 0 | U6: 0 | V6: 0 | W6: 0 | X6: 4 | Y6: 652 | Z6: 317
A7: 서 구 | B7: =SUM(C7:J7) -> 147 | C7: 1 | D7: 4 | E7: 14 | F7: 25 | G7: 0 | H7: 15 | I7: 71 | J7: 17 | K7: 51146 | L7: =SUM(M7:X7) -> 52 | M7: 6 | N7: 1 | O7: 2 | P7: 0 | Q7: 9 | R7: 11 | S7: 0 | T7: 0 | U7: 0 | V7: 0 | W7: 0 | X7: 23 | Y7: 980 | Z7: 306
A8: 남 구 | B8: =SUM(C8:J8) -> 251 | C8: 0 | D8: 0 | E8: 22 | F8: 129 | G8: 0 | H8: 16 | I8: 58 | J8: 26 | K8: 47248 | L8: =SUM(M8:X8) -> 24 | M8: 0 | N8: 0 | O8: 5 | P8: 0 | Q8: 1 | R8: 3 | S8: 0 | T8: 13 | U8: 0 | V8: 0 | W8: 0 | X8: 2 | Y8: 1221 | Z8: 299
A9: 북 구 | B9: =SUM(C9:J9) -> 268 | C9: 6 | D9: 0 | E9: 48 | F9: 150 | G9: 0 | H9: 3 | I9: 18 | J9: 43 | K9: 43292 | L9: =SUM(M9:X9) -> 72 | M9: 5 | N9: 0 | O9: 0 | P9: 0 | Q9: 0 | R9: 15 | S9: 2 | T9: 6 | U9: 0 | V9: 0 | W9: 0 | X9: 44 | Y9: 913 | Z9: 738
A10: 광산구 | B10: =SUM(C10:J10) -> 244 | C10: 2 | D10: 4 | E10: 66 | F10: 26 | G10: 0 | H10: 4 | I10: 46 | J10: 96 | K10: 312441 | L10: =SUM(M10:X10) -> 147 | M10: 13 | N10: 0 | O10: 7 | P10: 0 | Q10: 21 | R10: 23 | S10: 0 | T10: 7 | U10: 0 | V10: 1 | W10: 1 | X10: 74 | Y10: 1083 | Z10: 415

Sheet 06대전
A1: 대전광역시
A2: 지 역 | B2: 시 설 수(설 치 유 형 별) | K2: 시 설 조성면적 (㎡) | L2: 시 설 내 역
B3: 계 (개소) | C3: 체 육 공 원 | D3: 둔 치 | E3: 마 을 공 터 | F3: 아 파 트 단 지 | G3: 약 수 터 | H3: 등 산 로 | I3: 도 시 공 원 | J3: 기 타 | L3: ① 간 이 운 동 시 설 (면) | Y3: ② 체력단련 시 설 (점) | Z3: ③ 부대편익 시 설 (점)
L4: 계 | M4: 축 구 장 | N4: 배 구 장 | O4: 농 구 장 | P4: 씨 름 장 | Q4: 테 니 스 장 | R4: 게 이 트 볼 장 | S4: 운 동 광 장 | T4: 배 드 민 턴 장 | U4: 체 조 장 | V4: 로 울 러 장 | W4: 수 영 장 | X4: 기 타
A5: 계 | B5: =SUM(B6:B10) -> 557 | C5: =SUM(C6:C10) -> 5 | D5: =SUM(D6:D10) -> 23 | E5: =SUM(E6:E10) -> 22 | F5: =SUM(F6:F10) -> 99 | G5: =SUM(G6:G10) -> 15 | H5: =SUM(H6:H10) -> 32 | I5: =SUM(I6:I10) -> 228 | ... Z5: =SUM(Z6:Z10) -> 893
A6: 동구 | B6: =SUM(C6:J6) -> 105 | C6: 1 | D6: 3 | E6: 4 | F6: 64 | G6: 0 | H6: 2 | I6: 17 | J6: 14 | K6: 84993 | L6: =SUM(M6:X6) -> 39 | M6: 0 | N6: 0 | O6: 1 | P6: 0 | Q6: 7 | R6: 9 | S6: 0 | T6: 16 | U6: 0 | V6: 0 | W6: 0 | X6: 6 | Y6: 376 | Z6: 198
A7: 중구 | B7: =SUM(C7:J7) -> 74 | C7: 0 | D7: 5 | E7: 4 | F7: 9 | G7: 3 | H7: 0 | I7: 22 | J7: 31 | K7: 66189 | L7: =SUM(M7:X7) -> 85 | M7: 4 | N7: 0 | O7: 4 | P7: 0 | Q7: 8 | R7: 11 | S7: 0 | T7: 14 | U7: 0 | V7: 0 | W7: 1 | X7: 43 | Y7: 294 | Z7: 116
A8: 서구 | B8: =SUM(C8:J8) -> 67 | C8: 3 | D8: 2 | E8: 12 | F8: 25 | G8: 0 | H8: 8 | I8: 5 | J8: 12 | K8: 69754 | L8: =SUM(M8:X8) -> 41 | M8: 1 | N8: 0 | O8: 21 | P8: 0 | Q8: 1 | R8: 3 | S8: 2 | T8: 10 | U8: 0 | V8: 1 | W8: 0 | X8: 2 | Y8: 560 | Z8: 143
A9: 유성구 | B9: =SUM(C9:J9) -> 243 | C9: 0 | D9: 12 | E9: 0 | F9: 0 | G9: 0 | H9: 19 | I9: 148 | J9: 64 | K9: 63471 | L9: =SUM(M9:X9) -> 70 | M9: 0 | N9: 0 | O9: 20 | P9: 0 | Q9: 4 | R9: 6 | S9: 3 | T9: 32 | U9: 0 | V9: 2 | W9: 0 | X9: 3 | Y9: 1363 | Z9: 243
A10: 대덕구 | B10: =SUM(C10:J10) -> 68 | C10: 1 | D10: 1 | E10: 2 | F10: 1 | G10: 12 | H10: 3 | I10: 36 | J10: 12 | K10: 81616 | L10: =SUM(M10:X10) -> 73 | M10: 1 | N10: 3 | O10: 28 | P10: 0 | Q10: 5 | R10: 5 | S10: 0 | T10: 17 | U10: 0 | V10: 0 | W10: 1 | X10: 13 | Y10: 653 | Z10: 193

Sheet 07울산
A1: 울산광역시
A2: 지 역 | B2: 시 설 수(설 치 유 형 별) | K2: 시 설 조성면적 (㎡) | L2: 시 설 내 역
B3: 계 (개소) | C3: 체 육 공 원 | D3: 둔 치 | E3: 마 을 공 터 | F3: 아 파 트 단 지 | G3: 약 수 터 | H3: 등 산 로 | I3: 도 시 공 원 | J3: 기 타 | L3: ① 간 이 운 동 시 설 (면) | Y3: ② 체력단련 시 설 (점) | Z3: ③ 부대편익 시 설 (점)
L4: 계 | M4: 축 구 장 | N4: 배 구 장 | O4: 농 구 장 | P4: 씨 름 장 | Q4: 테 니 스 장 | R4: 게 이 트 볼 장 | S4: 운 동 광 장 | T4: 배 드 민 턴 장 | U4: 체 조 장 | V4: 로 울 러 장 | W4: 수 영 장 | X4: 기 타
A5: 계 | B5: =SUM(B6:B10) -> 263 | C5: =SUM(C6:C10) -> 5 | D5: =SUM(D6:D10) -> 17 | E5: =SUM(E6:E10) -> 51 | F5: =SUM(F6:F10) -> 4 | G5: =SUM(G6:G10) -> 6 | H5: =SUM(H6:H10) -> 49 | I5: =SUM(I6:I10) -> 21 | ... Z5: =SUM(Z6:Z10) -> 1602
A6: 중구 | B6: =SUM(C6:J6) -> 46 | C6: 0 | D6: 14 | E6: 0 | F6: 1 | G6: 0 | H6: 18 | I6: 4 | J6: 9 | K6: 99898 | L6: =SUM(M6:X6) -> 10 | M6: 0 | N6: 0 | O6: 0 | P6: 0 | Q6: 0 | R6: 1 | S6: 0 | T6: 2 | U6: 0 | V6: 0 | W6: 0 | X6: 7 | Y6: 565 | Z6: 324
A7: 남구 | B7: =SUM(C7:J7) -> 24 | C7: 2 | D7: 1 | E7: 1 | F7: 0 | G7: 0 | H7: 13 | I7: 4 | J7: 3 | K7: 141453 | L7: =SUM(M7:X7) -> 26 | M7: 4 | N7: 2 | O7: 0 | P7: 0 | Q7: 4 | R7: 5 | S7: 0 | T7: 2 | U7: 0 | V7: 0 | W7: 0 | X7: 9 | Y7: 405 | Z7: 265
A8: 동구 | B8: =SUM(C8:J8) -> 18 | C8: 0 | D8: 0 | E8: 1 | F8: 0 | G8: 2 | H8: 4 | I8: 7 | J8: 4 | K8: 23918 | L8: =SUM(M8:X8) -> 19 | M8: 0 | N8: 0 | O8: 5 | P8: 0 | Q8: 0 | R8: 3 | S8: 4 | T8: 5 | U8: 0 | V8: 0 | W8: 0 | X8: 2 | Y8: 602 | Z8: 409
A9: 북구 | B9: =SUM(C9:J9) -> 118 | C9: 2 | D9: 0 | E9: 15 | F9: 0 | G9: 3 | H9: 6 | I9: 4 | J9: 88 | K9: 182260 | L9: =SUM(M9:X9) -> 1 | M9: 0 | N9: 0 | O9: 1 | P9: 0 | Q9: 0 | R9: 0 | S9: 0 | T9: 0 | U9: 0 | V9: 0 | W9: 0 | X9: 0 | Y9: 920 | Z9: 235
A10: 울주군 | B10: =SUM(C10:J10) -> 57 | C10: 1 | D10: 2 | E10: 34 | F10: 3 | G10: 1 | H10: 8 | I10: 2 | J10: 6 | K10: 69776 | L10: =SUM(M10:X10) -> 29 | M10: 0 | N10: 1 | O10: 1 | P10: 0 | Q10: 0 | R10: 0 | S10: 0 | T10: 4 | U10: 0 | V10: 0 | W10: 0 | X10: 23 | Y10: 567 | Z10: 369

Sheet 08세종
A1: 세종특별자치시
A2: 지 역 | B2: 시 설 수(설 치 유 형 별) | K2: 시 설 조성면적 (㎡) | L2: 시 설 내 역
B3: 계 (개소) | C3: 체 육 공 원 | D3: 둔 치 | E3: 마 을 공 터 | F3: 아 파 트 단 지 | G3: 약 수 터 | H3: 등 산 로 | I3: 도 시 공 원 | J3: 기 타 | L3: ① 간 이 운 동 시 설 (면) | Y3: ② 체력단련 시 설 (점) | Z3: ③ 부대편익 시 설 (점)
L4: 계 | M4: 축 구 장 | N4: 배 구 장 | O4: 농 구 장 | P4: 씨 름 장 | Q4: 테 니 스 장 | R4: 게 이 트 볼 장 | S4: 운 동 광 장 | T4: 배 드 민 턴 장 | U4: 체 조 장 | V4: 로 울 러 장 | W4: 수 영 장 | X4: 기 타
A5: 계 | B5: =SUM(B6:B6) -> 50 | C5: 6 | D5: =SUM(D6:D6) -> 6 | E5: =SUM(E6:E6) -> 1 | F5: =SUM(F6:F6) -> 0 | G5: =SUM(G6:G6) -> 0 | H5: =SUM(H6:H6) -> 0 | I5: =SUM(I6:I6) -> 22 | J5: =SUM(J6:J6) -> 15 | K5: =SUM(K6:K6) -> 68644 | ... Z5: =SUM(Z6:Z6) -> 86
A6: 세종시 | B6: =SUM(C6:J6) -> 50 | C6: 6 | D6: 6 | E6: 1 | F6: 0 | G6: 0 | H6: 0 | I6: 22 | J6: 15 | K6: 68644 | L6: =SUM(M6:X6) -> 73 | M6: 0 | N6: 0 | O6: 20 | P6: 0 | Q6: 0 | R6: 14 | S6: 0 | T6: 13 | U6: 0 | V6: 9 | W6: 0 | X6: =17 -> 17 | Y6: 183 | Z6: 86

Sheet 09경기
A1: 경기도
A2: 지 역 | B2: 시 설 수(설 치 유 형 별) | K2: 시 설 조성면적 (㎡) | L2: 시 설 내 역
B3: 계 (개소) | C3: 체 육 공 원 | D3: 둔 치 | E3: 마 을 공 터 | F3: 아 파 트 단 지 | G3: 약 수 터 | H3: 등 산 로 | I3: 도 시 공 원 | J3: 기 타 | L3: ① 간 이 운 동 시 설 (면) | Y3: ② 체력단련 시 설 (점) | Z3: ③ 부대편익 시 설 (점)
L4: 계 | M4: 축 구 장 | N4: 배 구 장 | O4: 농 구 장 | P4: 씨 름 장 | Q4: 테 니 스 장 | R4: 게 이 트 볼 장 | S4: 운 동 광 장 | T4: 배 드 민 턴 장 | U4: 체 조 장 | V4: 로 울 러 장 | W4: 수 영 장 | X4: 기 타
A5: 계 | B5: =SUM(B6:B36) -> 2566 | C5: =SUM(C6:C36) -> 142 | D5: =SUM(D6:D36) -> 93 | E5: =SUM(E6:E36) -> 403 | F5: =SUM(F6:F36) -> 9 | G5: =SUM(G6:G36) -> 102 | H5: =SUM(H6:H36) -> 101 | I5: =SUM(I6:I36) -> 1233 | ... Z5: =SUM(Z6:Z36) -> 10755
A6: 수원시 | B6: =SUM(C6:J6) -> 134 | C6: 15 | D6: 0 | E6: 0 | F6: 0 | G6: 3 | H6: 0 | I6: 108 | J6: 8 | K6: 327968 | L6: =SUM(M6:X6) -> 139 | M6: 2 | N6: 0 | O6: 49 | P6: 0 | Q6: 0 | R6: 16 | S6: 0 | T6: 26 | U6: 0 | V6: 1 | W6: 0 | X6: 45 | Y6: 1847 | Z6: 8
A7: 용인시 | B7: 171 | C7: 12 | D7: 0 | E7: 30 | F7: 0 | G7: 0 | H7: 12 | I7: 117 | J7: 0 | K7: 78879 | L7: =SUM(M7:X7) -> 250 | M7: 4 | N7: 0 | O7: 37 | P7: 0 | Q7: 21 | R7: 11 | S7: 1 | T7: 101 | U7: 0 | V7: 9 | W7: 0 | X7: 66 | Y7: 1989 | Z7: 0
A8: 고양시 | B8: =SUM(C8:J8) -> 141 | C8: 4 | D8: 5 | E8: 18 | F8: 0 | G8: 1 | H8: 8 | I8: 65 | J8: 40 | K8: 3208751 | L8: =SUM(M8:X8) -> 141 | M8: 12 | N8: 3 | O8: 29 | P8: 1 | Q8: 16 | R8: 34 | S8: 1 | T8: 17 | U8: 0 | V8: 1 | W8: 0 | X8: 27 | Y8: 826 | Z8: 823
A9: 성남시 | B9: =SUM(C9:J9) -> 283 | C9: 4 | D9: 19 | E9: =4 -> 4 | F9: 1 | G9: 0 | H9: 7 | I9: 183 | J9: 65 | K9: 155321 | L9: =SUM(M9:X9) -> 341 | M9: 1 | N9: 0 | O9: 30 | P9: 0 | Q9: 25 | R9: 33 | S9: 2 | T9: 158 | U9: 3 | V9: 14 | W9: 3 | X9: 72 | Y9: 2847 | Z9: 2182
A10: 화성시 | B10: 25 | C10: 0 | D10: 0 | E10: 25 | F10: 0 | G10: 0 | H10: 0 | I10: 0 | J10: 0 | K10: 37634 | L10: 46 | M10: 0 | N10: 1 | O10: 0 | P10: 0 | Q10: 5 | R10: 8 | S10: 0 | T10: 6 | U10: 0 | V10: 1 | W10: 0 | X10: 25 | Y10: 1641 | Z10: 540
A11: 부천시 | B11: =SUM(C11:J11) -> 274 | C11: 4 | D11: 2 | E11: 86 | F11: 2 | G11: 13 | H11: 14 | I11: 142 | J11: 11 | K11: 1034101 | L11: =SUM(M11:X11) -> 183 | M11: 2 | N11: 0 | O11: 23 | P11: 0 | Q11: 2 | R11: 0 | S11: 0 | T11: 83 | U11: 0 | V11: 3 | W11: 0 | X11: 70 | Y11: 2556 | Z11: 186
A12: 남양주시 | B12: 75 | C12: 4 | D12: 0 | E12: 0 | F12: 0 | G12: 0 | H12: 0 | I12: 18 | J12: 53 | K12: 295833 | L12: 75 | M12: 3 | N12: 0 | O12: 3 | P12: 0 | Q12: 0 | R12: 6 | S12: 0 | T12: 14 | U12: 0 | V12: 0 | W12: 0 | X12: 49 | Y12: 2727 | Z12: 204
A13: 안산시 | B13: 75 | C13: 7 | D13: 0 | E13: 0 | F13: 0 | G13: 7 | H13: 7 | I13: 32 | J13: 22 | K13: 1034101 | L13: =SUM(M13:X13) -> 197 | M13: 2 | N13: 0 | O13: 31 | P13: 0 | Q13: 3 | R13: 12 | S13: 7 | T13: 89 | U13: 0 | V13: 2 | W13: 0 | X13: 51 | Y13: 2275 | Z13: 264
A14: 평택시 | B14: =SUM(C14:J14) -> 20 | C14: 5 | D14: 0 | E14: 2 | F14: 0 | G14: 0 | H14: 0 | I14: 6 | J14: 7 | K14: 25300 | L14: =SUM(M14:X14) -> 20 | M14: 2 | N14: 1 | O14: 4 | P14: 0 | Q14: 0 | R14: 0 | S14: 0 | T14: 3 | U14: 0 | V14: 0 | W14: 0 | X14: 10 | Y14: 1439 | Z14: 2
A15: 안양시 | B15: 59 | C15: 0 | D15: 4 | E15: 8 | F15: 0 | G15: 0 | H15: 0 | I15: 24 | J15: 23 | K15: 94380 | L15: =SUM(M15:X15) -> 87 | M15: 6 | N15: 0 | O15: 17 | P15: 0 | Q15: 3 | R15: 13 | S15: 0 | T15: 29 | U15: 0 | V15: 2 | W15: 0 | X15: 17 | Y15: 629 | Z15: 1675
A16: 시흥시 | B16: =SUM(C16:J16) -> 200 | C16: 2 | D16: 38 | E16: 9 | F16: 4 | G16: 17 | H16: 2 | I16: 114 | J16: 14 | K16: 166863 | L16: =SUM(M16:X16) -> 73 | M16: 0 | N16: 0 | O16: 17 | P16: 0 | Q16: 15 | R16: 8 | S16: 0 | T16: 25 | U16: 0 | V16: 3 | W16: 0 | X16: 5 | Y16: 1181 | Z16: 2325
